target_fecha,target_hora,signal_key,generated_rd,graded_at_rd,actual_primero,actual_segundo,actual_tercero,actual_nums,actual_primero_pos,actual_segundo_pos,actual_tercero_pos,top3,top12,top_pairs,top3_hits,top12_hits,top_pair_hits,top3_hit_nums,top12_hit_nums,top_pair_hit_pairs,top3_hit_positions,top12_hit_positions,hit_top3,hit_top12,hit_top_pair,edge_label,best_score,best_lift,best_mi,best_chi2,rows_used,support,notified,fingerprint
2026-03-31,10AM,2026-03-31|Anguilla|10AM,2026-03-31 09:18:52,2026-03-31 10:19:46,16,55,36,16|55|36,1ra,2da,3ra,22|78|61,22|78|61|54|89|02|90|43|47|58|53|92,22-78|22-61|22-54,0,0,0,,,,,,0,0,0,EDGE FUERTE,0.61328,2.123288,0.000808,6.308078,5301,1427,1,8cd3dd3ce387d2120d713e63aeee726d
2026-03-31,10PM,2026-03-31|Anguilla|10PM,2026-03-31 21:09:46,2026-03-31 22:55:35,32,36,64,32|36|64,1ra,2da,3ra,32|56|81,32|56|81|27|09|94|03|59|79|23|71|40,,1,1,0,32,32,,32:1ra,32:1ra,1,1,0,EDGE ELITE,1.158384,2.229968,0.000564,7.934757,5313,1440,1,ee6e1e6783145fad05df1d41f10a9d64
2026-03-31,11AM,2026-03-31|Anguilla|11AM,2026-03-31 10:46:58,2026-03-31 11:45:38,51,74,00,51|74|00,1ra,2da,3ra,81|61|94,81|61|94|27|34|12|71|83|90|65|10|89,81-27|81-61|81-34,0,0,0,,,,,,0,0,0,EDGE FUERTE,0.642943,2.443523,0.00087,9.947634,5302,1426,0,5a5c7803dd2b10fa8562b8f84f034e06
2026-03-31,12PM,2026-03-31|Anguilla|12PM,2026-03-31 11:54:43,2026-03-31 12:16:52,88,16,67,88|16|67,1ra,2da,3ra,47|24|36,47|24|36|33|16|95|46|78|08|37|15|74,47-24|24-36|47-36,0,1,0,,16,,,16:2da,0,1,0,EDGE FUERTE,0.67802,2.079311,0.000942,6.567742,5303,1419,0,4bdd0cc41039b774b3f312808cce5bb5
2026-03-31,1PM,2026-03-31|Anguilla|1PM,2026-03-31 12:58:31,2026-03-31 13:37:03,01,35,84,01|35|84,1ra,2da,3ra,50|03|84,50|03|84|47|17|81|53|74|00|21|89|55,50-84|50-03|03-17,1,1,0,84,84,,84:3ra,84:3ra,1,1,0,EDGE FUERTE,0.655395,1.880555,0.000299,3.939717,5304,1382,0,f82f11dde272ad77fc1df24aae1b32c3
2026-03-31,2PM,2026-03-31|Anguilla|2PM,2026-03-31 13:34:29,2026-03-31 14:20:59,72,54,01,72|54|01,1ra,2da,3ra,37|58|98,37|58|98|53|00|77|01|11|45|22|62|23,37-58|37-98|37-00,0,1,0,,01,,,01:3ra,0,1,0,EDGE FUERTE,0.722531,2.023522,0.000364,4.936788,5305,1363,1,572687359aa66207d579314c79405de3
2026-03-31,3PM,2026-03-31|Anguilla|3PM,2026-03-31 14:22:59,2026-03-31 15:12:03,43,38,81,43|38|81,1ra,2da,3ra,38|53|23,38|53|23|69|04|85|55|89|74|77|73|35,38-85|38-53|38-23,1,1,0,38,38,,38:2da,38:2da,1,1,0,EDGE FUERTE,0.785785,2.094749,0.000378,5.155152,5306,1348,1,3e551db7d10e50348ecc96b6d2fcb849
2026-03-31,4PM,2026-03-31|Anguilla|4PM,2026-03-31 15:15:33,2026-03-31 16:42:55,79,19,30,79|19|30,1ra,2da,3ra,48|38|41,48|38|41|62|60|82|09|39|02|85|91|58,48-41|38-41|48-38,0,0,0,,,,,,0,0,0,EDGE FUERTE,0.691574,2.337474,0.000565,8.107215,5307,1335,0,c1278e815fc8490f82b18a938db7635f
2026-03-31,5PM,2026-03-31|Anguilla|5PM,2026-03-31 16:56:18,2026-03-31 17:13:52,37,09,77,37|09|77,1ra,2da,3ra,32|66|12,32|66|12|93|16|25|11|30|57|94|06|14,32-66|66-11|32-93,0,0,0,,,,,,0,0,0,EDGE FUERTE,0.687064,2.409223,0.0006,8.716512,5308,1344,0,aa234cf216e6690cc5f3b1ec437a8564
2026-03-31,6PM,2026-03-31|Anguilla|6PM,2026-03-31 17:42:17,2026-03-31 18:10:29,45,00,09,45|00|09,1ra,2da,3ra,56|15|66,56|15|66|13|50|22|42|10|83|24|43|36,56-15|56-22|56-13,0,0,0,,,,,,0,0,0,EDGE FUERTE,0.82134,2.119361,0.000502,6.926246,5309,1388,0,072e5c10389681073432d916c28ef833
2026-03-31,7PM,2026-03-31|Anguilla|7PM,2026-03-31 18:59:29,2026-03-31 19:33:39,40,76,03,40|76|03,1ra,2da,3ra,39|47|67,39|47|67|08|46|34|53|06|87|83|60|36,39-47|39-67|39-08,0,0,0,,,,,,0,0,0,EDGE FUERTE,0.770088,2.282443,0.000593,8.414543,5310,1426,0,70403c147d43868309f77b0583f2937f
2026-03-31,8AM,2026-03-31|Anguilla|8AM,2026-03-31 07:50:44,2026-03-31 08:11:52,36,54,25,36|54|25,1ra,2da,3ra,87|23|75,87|23|75|53|07|86|84|89|95|19|35|03,87-23|87-75|87-53,0,0,0,,,,,,0,0,0,EDGE FUERTE,0.805234,2.235351,0.000568,7.985501,5299,1442,0,34c8a95dd5cc30657cfd668061d1a4fc
2026-03-31,8PM,2026-03-31|Anguilla|8PM,2026-03-31 19:43:23,2026-03-31 20:09:12,58,07,95,58|07|95,1ra,2da,3ra,02|07|80,02|07|80|57|33|42|86|38|56|77|82|60,,1,1,0,07,07,,07:2da,07:2da,1,1,0,EDGE ELITE,1.059618,3.069942,0.001392,22.261092,5311,1456,0,290e242fe63c84cb52c45c5cf0273a8a
2026-03-31,9AM,2026-03-31|Anguilla|9AM,2026-03-31 08:09:17,2026-03-31 09:20:59,52,11,05,52|11|05,1ra,2da,3ra,71|23|04,71|23|04|94|74|89|39|81|90|87|02|00,71-04|71-23|71-74,0,0,0,,,,,,0,0,0,EDGE FUERTE,1.033346,2.574179,0.000753,11.212499,5300,1428,1,d1186be809d07e7f1047479a36edf6ee
2026-03-31,9PM,2026-03-31|Anguilla|9PM,2026-03-31 20:07:07,2026-03-31 21:12:22,80,86,78,80|86|78,1ra,2da,3ra,67|56|38,67|56|38|83|03|49|92|25|65|00|42|96,,0,0,0,,,,,,0,0,0,EDGE ELITE,1.188125,2.459259,0.000625,9.154762,5312,1447,1,dc3f6b098d51c74bb1d3e6ebe59e86b6
2026-04-01,10AM,2026-04-01|Anguilla|10AM,2026-04-01 09:23:56,2026-04-01 10:21:00,60,12,17,60|12|17,1ra,2da,3ra,12|42|29,12|42|29|99|02|52|47|90|16|84|56|86,,1,1,0,12,12,,12:2da,12:2da,1,1,0,EDGE REAL,1.079151,2.48259,0.000702,10.322804,5316,1380,0,6e91bfd8d6a2008d955dc6c6fc6add61
2026-04-01,10PM,2026-04-01|Anguilla|10PM,2026-04-01 21:50:07,2026-04-01 22:40:12,39,67,47,39|67|47,1ra,2da,3ra,33|39|16,33|39|16|47|12|32|17|78|82|65|74|38,,1,2,0,39,39|47,,39:1ra,39:1ra|47:3ra,1,1,0,EDGE MODERADO,1.11917,2.345355,0.000627,9.013062,5328,1406,1,c57ba4d17d3fcb80e1aad9e5ad6be0bd
2026-04-01,11AM,2026-04-01|Anguilla|11AM,2026-04-01 10:50:27,2026-04-01 11:24:10,25,01,63,25|01|63,1ra,2da,3ra,80|53|18,80|53|18|78|08|58|89|50|29|82|77|76,,0,0,0,,,,,,0,0,0,EDGE REAL,1.592527,2.188414,0.000857,6.953189,5317,1414,0,6868e0c9370df61e30a72d4ddeb9f7f6
2026-04-01,12PM,2026-04-01|Anguilla|12PM,2026-04-01 11:59:15,2026-04-01 12:36:10,59,34,62,59|34|62,1ra,2da,3ra,44|75|42,44|75|42|01|82|71|39|73|32|61|16|67,,0,0,0,,,,,,0,0,0,EDGE MODERADO,1.280315,2.593767,0.00098,14.622447,5318,1422,0,8fecb3ce92aecdc94546a6351df5e06c
2026-04-01,1PM,2026-04-01|Anguilla|1PM,2026-04-01 12:34:03,2026-04-01 13:09:38,18,39,33,18|39|33,1ra,2da,3ra,53|38|14,53|38|14|20|90|60|89|65|37|47|48|33,,0,1,0,,33,,,33:3ra,0,1,0,EDGE MODERADO,1.191279,2.407156,0.000475,6.916635,5319,1392,1,906c5c55dc6bd0b579bc6582c1c16582
2026-04-01,2PM,2026-04-01|Anguilla|2PM,2026-04-01 13:16:56,2026-04-01 14:04:21,40,87,81,40|87|81,1ra,2da,3ra,38|93|35,38|93|35|53|34|51|33|21|26|90|72|39,,0,0,0,,,,,,0,0,0,EDGE MODERADO,1.334401,2.436042,0.000677,9.875497,5320,1385,0,9d43f57f9aa05ab5a489bf9e876722f9
2026-04-01,3PM,2026-04-01|Anguilla|3PM,2026-04-01 14:01:47,2026-04-01 15:11:18,09,28,13,09|28|13,1ra,2da,3ra,22|95|57,22|95|57|02|32|62|42|04|09|15|18|96,,0,1,0,,09,,,09:1ra,0,1,0,EDGE MODERADO,1.095107,2.233381,0.000868,7.218335,5321,1385,1,d59efc319beca7dc08826ccbc93c106e
2026-04-01,4PM,2026-04-01|Anguilla|4PM,2026-04-01 15:19:20,2026-04-01 16:07:58,86,30,49,86|30|49,1ra,2da,3ra,74|32|11,74|32|11|42|82|65|04|39|08|93|38|48,,0,0,0,,,,,,0,0,0,EDGE REAL,1.070739,2.259779,0.00058,8.211595,5322,1441,0,080515c848be09dd01f416bcb0acc161
2026-04-01,5PM,2026-04-01|Anguilla|5PM,2026-04-01 16:59:59,2026-04-01 17:16:25,38,54,23,38|54|23,1ra,2da,3ra,32|33|56,32|33|56|42|15|90|06|60|09|36|19|47,,0,0,0,,,,,,0,0,0,EDGE REAL,1.1307,2.339692,0.000507,7.287592,5323,1400,0,77388ec5f4d6f0ac1176afde27a7e266
2026-04-01,6PM,2026-04-01|Anguilla|6PM,2026-04-01 17:53:47,2026-04-01 18:16:36,81,77,11,81|77|11,1ra,2da,3ra,74|18|68,74|18|68|38|20|71|02|30|82|27|54|67,,0,0,0,,,,,,0,0,0,EDGE MODERADO,1.300131,2.194467,0.000544,7.609206,5324,1428,0,bb604fcfdd985414bdc518dd942bd9a5
2026-04-01,7PM,2026-04-01|Anguilla|7PM,2026-04-01 18:38:21,2026-04-01 19:16:37,28,63,84,28|63|84,1ra,2da,3ra,09|89|22,09|89|22|92|59|48|97|93|78|02|68|36,,0,0,0,,,,,,0,0,0,EDGE MODERADO,1.240451,2.685387,0.000964,14.614904,5325,1405,0,af9a1c0c2a0468c07f18af963d0b7a0a
2026-04-01,8AM,2026-04-01|Anguilla|8AM,2026-04-01 07:53:56,2026-04-01 09:11:06,30,93,27,30|93|27,1ra,2da,3ra,94|29|20,94|29|20|27|86|26|82|74|71|81|85|54,,0,1,0,,27,,,27:3ra,0,1,0,EDGE REAL,1.302144,2.543426,0.000875,12.96319,5314,1414,0,85d8eadaea450f32ac8071cde90b95cb
2026-04-01,8PM,2026-04-01|Anguilla|8PM,2026-04-01 19:57:09,2026-04-01 21:52:43,03,42,97,03|42|97,1ra,2da,3ra,44|98|61,44|98|61|16|74|39|23|46|87|82|10|32,,0,0,0,,,,,,0,0,0,EDGE REAL,1.259978,2.579113,0.00097,14.439128,5326,1443,0,ce51b506d43ecf198ed380a172f5d19d
2026-04-01,9PM,2026-04-01|Anguilla|9PM,2026-04-01 20:13:40,2026-04-01 21:52:43,59,91,89,59|91|89,1ra,2da,3ra,44|98|61,44|98|61|16|74|39|23|46|87|10|82|32,,0,0,0,,,,,,0,0,0,EDGE REAL,1.259785,2.578628,0.00097,14.433148,5326,1443,1,89f9356a2e59c955cae6ce0bad6fe512
2026-04-02,10AM,2026-04-02|Anguilla|10AM,2026-04-02 09:48:50,2026-04-02 10:11:30,86,62,47,86|62|47,1ra,2da,3ra,61|24|38,61|24|38|33|58|11|95|34|22|83|54|84,,0,0,0,,,,,,0,0,0,EDGE REAL,0.961779,2.732271,0.000755,11.573317,5331,1375,1,9e16b615434ca99577f05fc9c47fb80e
2026-04-02,11AM,2026-04-02|Anguilla|11AM,2026-04-02 10:08:55,2026-04-02 11:18:16,94,22,82,94|22|82,1ra,2da,3ra,32|46|14,32|46|14|44|18|47|94|59|36|62|39|61,,0,1,0,,94,,,94:1ra,0,1,0,EDGE REAL,0.961186,2.340572,0.000507,7.294279,5332,1344,1,75f8cb012b30b600ebada9647c83df42
2026-04-02,12PM,2026-04-02|Anguilla|12PM,2026-04-02 11:15:36,2026-04-02 12:16:22,66,87,23,66|87|23,1ra,2da,3ra,20|13|43,20|13|43|99|57|44|51|77|69|67|27|96,,0,0,0,,,,,,0,0,0,EDGE REAL,1.499068,2.845979,0.000977,15.203016,5333,1362,1,f2ef7ec6d8ab5c02186d2b878b8d7dd0
2026-04-02,1PM,2026-04-02|Anguilla|1PM,2026-04-02 12:14:10,2026-04-02 13:14:57,60,46,62,60|46|62,1ra,2da,3ra,19|62|74,19|62|74|20|66|43|31|27|95|60|76|32,,1,2,0,62,62|60,,62:3ra,62:3ra|60:1ra,1,1,0,EDGE REAL,1.429261,2.263516,0.000831,7.478102,5334,1411,1,58f0bb8f7aed442af1caa87b6036fd07
2026-04-02,2PM,2026-04-02|Anguilla|2PM,2026-04-02 13:12:19,2026-04-02 14:06:46,20,52,19,20|52|19,1ra,2da,3ra,97|01|33,97|01|33|12|90|78|48|59|44|21|89|14,,0,0,0,,,,,,0,0,0,EDGE MODERADO,0.900884,1.896671,0.000739,4.050017,5335,1423,1,5af08fc4f299333d34e263bb450f6ac4
2026-04-02,3PM,2026-04-02|Anguilla|3PM,2026-04-02 14:04:41,2026-04-02 15:09:02,15,97,64,15|97|64,1ra,2da,3ra,40|44|92,40|44|92|68|58|72|96|16|42|56|32|01,,0,0,0,,,,,,0,0,0,EDGE MODERADO,1.093365,2.226041,0.000561,7.892275,5336,1446,1,34be360cb045cce59f7a87030072448e
2026-04-02,4PM,2026-04-02|Anguilla|4PM,2026-04-02 15:59:39,2026-04-02 17:16:56,87,42,02,87|42|02,1ra,2da,3ra,70|02|29,70|02|29|04|97|43|17|86|84|06|98|50,,1,1,0,02,02,,02:3ra,02:3ra,1,1,0,EDGE REAL,1.078351,2.451548,0.000944,10.964968,5337,1397,0,8d5c4dbcd5096ee0382fad2edd961d97
2026-04-02,5PM,2026-04-02|Anguilla|5PM,2026-04-02 16:48:21,2026-04-02 17:16:56,75,94,88,75|94|88,1ra,2da,3ra,70|02|43,70|02|43|29|04|97|17|86|84|06|98|50,,0,0,0,,,,,,0,0,0,EDGE REAL,1.078108,2.451087,0.000945,10.960192,5337,1397,1,73ba59344096ea3324ca2a501543d0c2
2026-04-02,6PM,2026-04-02|Anguilla|6PM,2026-04-02 17:23:29,2026-04-02 18:15:53,27,73,97,27|73|97,1ra,2da,3ra,99|72|69,99|72|69|81|12|80|17|67|57|05|62|20,,0,0,0,,,,,,0,0,0,EDGE REAL,1.191716,2.649492,0.001094,16.453927,5339,1414,0,f069f54bf50b81b806c294c288ffb27b
2026-04-02,7PM,2026-04-02|Anguilla|7PM,2026-04-02 18:49:28,2026-04-02 19:22:28,88,71,12,88|71|12,1ra,2da,3ra,06|48|76,06|48|76|62|19|92|81|28|95|51|08|66,,0,0,0,,,,,,0,0,0,EDGE REAL,1.012637,2.300826,0.000602,8.586093,5340,1411,0,ac09cf612874add45a42224337ffa24f
2026-04-02,8AM,2026-04-02|Anguilla|8AM,2026-04-02 07:45:34,2026-04-02 08:42:34,96,84,11,96|84|11,1ra,2da,3ra,52|21|44,52|21|44|93|28|54|83|01|66|03|64|46,,0,0,0,,,,,,0,0,0,SEÑAL DÉBIL,1.068665,1.953263,0.00037,4.955242,5329,1402,0,7aeb38233a123edde72aac441634880e
2026-04-02,8PM,2026-04-02|Anguilla|8PM,2026-04-02 19:57:56,2026-04-02 22:35:55,26,46,90,26|46|90,1ra,2da,3ra,53|41|84,53|41|84|89|79|81|38|82|09|85|34|78,,0,0,0,,,,,,0,0,0,EDGE MODERADO,1.180129,2.629055,0.000707,10.65561,5341,1420,0,f350b901b8a58cabd842694049a1e56a
2026-04-02,9AM,2026-04-02|Anguilla|9AM,2026-04-02 08:40:00,2026-04-02 09:51:27,11,74,03,11|74|03,1ra,2da,3ra,22|37|83,22|37|83|02|74|45|00|98|53|51|95|33,,0,1,0,,74,,,74:2da,0,1,0,SEÑAL DÉBIL,1.178763,2.220598,0.000505,7.11136,5330,1398,0,b28e37adbb9e1b3f9a8b7e25db6aa754
2026-04-04,10AM,2026-04-04|Anguilla|10AM,2026-04-04 09:55:45,2026-04-04 10:08:02,81,40,68,81|40|68,1ra,2da,3ra,45|85|11,45|85|11|50|83|57|16|38|19|89|44|28,,0,0,0,,,,,,0,0,0,SEÑAL DÉBIL,1.097312,2.222874,0.000508,7.130071,5346,1416,0,62ffca49c06fec83e59f5b1d0426330b
2026-04-04,10PM,2026-04-04|Anguilla|10PM,2026-04-04 21:22:03,2026-04-04 22:50:46,88,78,82,88|78|82,1ra,2da,3ra,27|42|04,27|42|04|85|63|39|62|20|91|30|75|07,,0,0,0,,,,,,0,0,0,EDGE MODERADO,0.850298,2.022393,0.000322,4.368073,5358,1384,1,e5f43cfa17d007b8011dfee591638ade
2026-04-04,11AM,2026-04-04|Anguilla|11AM,2026-04-04 10:34:56,2026-04-04 11:14:54,23,56,13,23|56|13,1ra,2da,3ra,42|57|09,42|57|09|81|74|48|15|05|84|20|14|26,,0,0,0,,,,,,0,0,0,EDGE REAL,1.101521,2.481548,0.000703,10.306819,5347,1453,0,f42da4cdc40f73a869745aafef676982
2026-04-04,12PM,2026-04-04|Anguilla|12PM,2026-04-04 11:46:10,2026-04-04 12:07:56,80,18,10,80|18|10,1ra,2da,3ra,05|74|11,05|74|11|82|65|32|16|93|76|90|61|19,,0,0,0,,,,,,0,0,0,EDGE MODERADO,1.194717,2.413098,0.000729,10.562715,5348,1471,0,25db0c9ce11126001ee92b48fdf63017
2026-04-04,1PM,2026-04-04|Anguilla|1PM,2026-04-04 12:57:05,2026-04-04 13:28:33,22,79,80,22|79|80,1ra,2da,3ra,09|56|59,09|56|59|38|69|14|33|15|04|35|42|29,,0,0,0,,,,,,0,0,0,EDGE MODERADO,1.276572,2.142626,0.000496,6.46868,5349,1459,0,9346b79814966aadc49276ba650837d3
2026-04-04,2PM,2026-04-04|Anguilla|2PM,2026-04-04 13:36:53,2026-04-04 14:56:02,73,18,11,73|18|11,1ra,2da,3ra,40|82|10,40|82|10|61|51|00|94|56|20|13|71|12,,0,0,0,,,,,,0,0,0,EDGE REAL,1.102014,2.399918,0.000658,9.526511,5350,1447,0,ad9e0036ceb16bcfd4377f3b631333ba
2026-04-04,3PM,2026-04-04|Anguilla|3PM,2026-04-04 14:57:59,2026-04-04 15:16:23,94,20,01,94|20|01,1ra,2da,3ra,14|33|11,14|33|11|38|51|88|93|22|82|81|12|54,,0,0,0,,,,,,0,0,0,EDGE MODERADO,1.049566,1.988424,0.000366,4.68953,5351,1398,1,9d5c73fc0b6206a0a5b1917fcab4c2b2
2026-04-04,4PM,2026-04-04|Anguilla|4PM,2026-04-04 15:59:18,2026-04-04 16:18:29,57,73,70,57|73|70,1ra,2da,3ra,86|40|69,86|40|69|41|18|53|88|75|84|44|99|20,,0,0,0,,,,,,0,0,0,SEÑAL DÉBIL,1.283542,2.33573,0.000505,7.250828,5352,1398,0,06833e7f0aa1ea8bd3999d3a2a9cf608
2026-04-04,5PM,2026-04-04|Anguilla|5PM,2026-04-04 16:45:02,2026-04-04 17:11:38,70,85,32,70|85|32,1ra,2da,3ra,08|02|76,08|02|76|39|66|91|85|41|37|95|92|53,,0,1,0,,85,,,85:2da,0,1,0,SEÑAL DÉBIL,1.037627,2.112093,0.000452,6.218518,5353,1452,0,50f56a14af19d088f38393159ede2de9
2026-04-04,6PM,2026-04-04|Anguilla|6PM,2026-04-04 17:48:57,2026-04-04 18:15:30,01,59,22,01|59|22,1ra,2da,3ra,26|79|85,26|79|85|86|89|29|14|61|30|08|59|28,,0,1,0,,59,,,59:2da,0,1,0,EDGE MODERADO,1.410251,2.764327,0.000852,13.079856,5354,1464,0,d979ff80be8887c6200d02f694378330
2026-04-04,7PM,2026-04-04|Anguilla|7PM,2026-04-04 18:51:36,2026-04-04 19:10:22,01,26,29,01|26|29,1ra,2da,3ra,79|43|23,79|43|23|62|12|51|47|13|86|34|20|88,,0,0,0,,,,,,0,0,0,SEÑAL DÉBIL,0.999238,2.172971,0.000533,7.408865,5355,1429,0,870dbc4ea72908c4c6d94998794ac85d
2026-04-04,8AM,2026-04-04|Anguilla|8AM,2026-04-04 07:54:31,2026-04-04 08:59:51,15,60,60,15|60|60,1ra,2da,3ra,18|53|92,18|53|92|84|70|82|02|81|48|93|11|13,,0,0,0,,,,,,0,0,0,SEÑAL DÉBIL,1.097742,2.681756,0.00081,12.271666,5344,1374,0,4b271e6312c51c424fddaec145825aae
2026-04-04,8PM,2026-04-04|Anguilla|8PM,2026-04-04 19:59:40,2026-04-04 20:13:53,89,72,92,89|72|92,1ra,2da,3ra,53|43|32,53|43|32|42|44|52|69|12|75|38|09|35,,0,0,0,,,,,,0,0,0,EDGE MODERADO,1.097271,2.404577,0.000475,6.899285,5356,1360,0,395214773bdd17a1be8cfa6bf9af164c
2026-04-04,9AM,2026-04-04|Anguilla|9AM,2026-04-04 08:57:18,2026-04-04 09:58:14,68,90,69,68|90|69,1ra,2da,3ra,18|21|02,18|21|02|29|43|01|23|70|78|13|51|20,,0,0,0,,,,,,0,0,0,EDGE REAL,1.23988,2.171354,0.000532,7.397631,5345,1400,1,2c2cd1db7b41f1270f2fbcbc39e5c84c
2026-04-04,9PM,2026-04-04|Anguilla|9PM,2026-04-04 20:11:17,2026-04-04 21:24:36,57,06,42,57|06|42,1ra,2da,3ra,54|85|53,54|85|53|77|29|82|46|03|21|63|28|37,,0,0,0,,,,,,0,0,0,EDGE MODERADO,1.085778,2.154808,0.000473,6.570048,5357,1337,1,d4cf0b39779b4ea6ef3f148f674f6955
2026-04-05,10AM,2026-04-05|Anguilla|10AM,2026-04-05 09:15:55,2026-04-05 10:04:33,19,40,04,19|40|04,1ra,2da,3ra,92|02|38,92|02|38|47|77|79|11|33|83|86|13|17,,0,0,0,,,,,,0,0,0,EDGE MODERADO,1.072066,2.126603,0.000411,5.685583,5361,1386,1,f190c3c7ad7bfedef7752ab4df185ee5
2026-04-05,10PM,2026-04-05|Anguilla|10PM,2026-04-05 21:08:18,2026-04-05 22:52:10,69,16,85,69|16|85,1ra,2da,3ra,24|32|38,24|32|38|92|95|57|99|52|55|62|83|44,,0,0,0,,,,,,0,0,0,EDGE REAL,0.953666,2.421533,0.000614,8.956515,5373,1404,1,aa0cb1adf4543d81e66bd6c686833678
2026-04-05,11AM,2026-04-05|Anguilla|11AM,2026-04-05 10:51:44,2026-04-05 11:08:03,72,57,65,72|57|65,1ra,2da,3ra,18|53|68,18|53|68|27|56|45|92|93|61|91|74|09,,0,0,0,,,,,,0,0,0,EDGE REAL,1.308321,2.663686,0.0008,12.092767,5362,1348,0,15651d4c31868a13e92f190dd57acb00
2026-04-05,12PM,2026-04-05|Anguilla|12PM,2026-04-05 11:33:33,2026-04-05 12:54:02,93,85,22,93|85|22,1ra,2da,3ra,43|24|28,43|24|28|77|99|62|15|25|29|96|54|03,,0,0,0,,,,,,0,0,0,EDGE MODERADO,1.052928,2.101584,0.000358,4.832948,5363,1398,0,a869b9a5005b30352da3283e48bab833
2026-04-05,1PM,2026-04-05|Anguilla|1PM,2026-04-05 12:51:56,2026-04-05 13:34:54,48,14,74,48|14|74,1ra,2da,3ra,85|00|43,85|00|43|01|61|95|47|71|51|89|32|36,,0,0,0,,,,,,0,0,0,SEÑAL DÉBIL,1.266981,2.010149,0.0004,5.398968,5364,1400,0,6d9e84149ddd2288f75700b2e360bd92
2026-04-05,2PM,2026-04-05|Anguilla|2PM,2026-04-05 13:32:22,2026-04-05 14:55:57,97,93,30,97|93|30,1ra,2da,3ra,83|24|51,83|24|51|46|39|31|95|98|47|60|52|62,,0,0,0,,,,,,0,0,0,SEÑAL DÉBIL,1.019338,2.318309,0.000555,7.936213,5365,1451,0,bfbb884f07c6a85cb423830247a10fcf
2026-04-05,3PM,2026-04-05|Anguilla|3PM,2026-04-05 14:53:21,2026-04-05 15:10:24,32,10,24,32|10|24,1ra,2da,3ra,18|32|06,18|32|06|93|89|86|48|60|72|44|52|47,,1,1,0,32,32,,32:1ra,32:1ra,1,1,0,SEÑAL DÉBIL,0.957465,2.154221,0.000473,6.560381,5366,1387,0,fb28f738405b6bef7af16c2501aea550
2026-04-05,4PM,2026-04-05|Anguilla|4PM,2026-04-05 15:46:43,2026-04-05 16:18:50,79,80,72,79|80|72,1ra,2da,3ra,59|96|29,59|96|29|26|09|35|86|56|14|28|20|15,,0,0,0,,,,,,0,0,0,EDGE MODERADO,1.13687,2.651349,0.000856,11.969452,5367,1387,0,86f1a8cdef1bd0b8318b60c23352c02e
2026-04-05,5PM,2026-04-05|Anguilla|5PM,2026-04-05 16:53:01,2026-04-05 17:10:48,24,29,30,24|29|30,1ra,2da,3ra,12|00|61,12|00|61|29|56|54|89|49|71|64|10|21,,0,1,0,,29,,,29:2da,0,1,0,EDGE MODERADO,1.092576,2.324178,0.000616,8.809411,5368,1380,0,53a3946400052812d149467ef591de22
2026-04-05,6PM,2026-04-05|Anguilla|6PM,2026-04-05 17:59:24,2026-04-05 18:45:07,12,61,63,12|61|63,1ra,2da,3ra,87|88|35,87|88|35|12|74|43|13|22|20|95|86|33,,0,1,0,,12,,,12:1ra,0,1,0,EDGE MODERADO,1.181702,2.048077,0.000419,5.701124,5369,1403,0,906b88b917a95ffb220c3c958e65a83f
2026-04-05,7PM,2026-04-05|Anguilla|7PM,2026-04-05 18:42:36,2026-04-05 19:20:42,91,83,94,91|83|94,1ra,2da,3ra,53|85|71,53|85|71|87|69|44|15|18|82|04|20|62,,0,0,0,,,,,,0,0,0,EDGE MODERADO,1.164173,2.645271,0.000715,10.792325,5370,1423,1,889b0fefae2c0fd406ee8e14c4e8f939
2026-04-05,8AM,2026-04-05|Anguilla|8AM,2026-04-05 07:58:08,2026-04-05 09:18:29,03,99,31,03|99|31,1ra,2da,3ra,24|79|81,24|79|81|84|89|57|32|94|34|72|53|05,,0,0,0,,,,,,0,0,0,SEÑAL DÉBIL,0.948593,2.271832,0.000539,7.659084,5359,1398,0,484d4c284e5747839c93ce1daf354398
2026-04-05,8PM,2026-04-05|Anguilla|8PM,2026-04-05 19:53:44,2026-04-05 20:46:05,59,91,19,59|91|19,1ra,2da,3ra,17|20|69,17|20|69|59|16|39|43|42|85|15|37|80,,0,1,0,,59,,,59:1ra,0,1,0,EDGE MODERADO,1.014197,2.093886,0.000488,6.697675,5371,1458,0,1f9ff0e314a204f7bea938a547cce8b0
2026-04-05,9PM,2026-04-05|Anguilla|9PM,2026-04-05 20:43:33,2026-04-05 21:10:56,82,86,07,82|86|07,1ra,2da,3ra,39|17|33,39|17|33|16|47|58|42|60|93|86|70|66,,0,1,0,,86,,,86:2da,0,1,0,EDGE REAL,1.292055,2.460036,0.000822,12.00581,5372,1438,1,041fc4bd7c678e02abb31e53a61c332a
2026-04-06,10AM,2026-04-06|Anguilla|10AM,2026-04-06 09:59:05,2026-04-06 10:25:25,37,32,49,37|32|49,1ra,2da,3ra,63|67|70,63|67|70|22|39|29|27|32|13|52|55|35,,0,1,0,,32,,,32:2da,0,1,0,EDGE REAL,0.90509,2.211057,0.000598,8.48341,5376,1426,1,eeb5c87e33a24b1658b6c38aeec0ca4f
2026-04-06,11AM,2026-04-06|Anguilla|11AM,2026-04-06 10:59:16,2026-04-06 11:07:23,27,05,96,27|05|96,1ra,2da,3ra,56|38|54,56|38|54|84|14|53|35|30|88|87|26|95,,0,0,0,,,,,,0,0,0,EDGE MODERADO,0.837147,2.286139,0.000532,7.665048,5377,1410,0,4a4122fd62b6dbba053bcdd085afee8a
2026-04-06,12PM,2026-04-06|Anguilla|12PM,2026-04-06 11:57:13,2026-04-06 12:13:08,57,17,42,57|17|42,1ra,2da,3ra,95|74|53,95|74|53|69|96|73|84|76|04|75|23|68,,0,0,0,,,,,,0,0,0,EDGE MODERADO,0.650123,2.28307,0.00053,7.630057,5378,1390,0,00d62ae6366a95e05dd0014ae1c04e8f
2026-04-06,1PM,2026-04-06|Anguilla|1PM,2026-04-06 12:57:08,2026-04-06 13:38:47,31,43,80,31|43|80,1ra,2da,3ra,27|90|39,27|90|39|25|76|38|85|92|36|20|17|18,,0,0,0,,,,,,0,0,0,EDGE REAL,0.825003,2.400852,0.000649,9.531446,5379,1425,0,532b9377ea04e9d0f6991f39275095e5
2026-04-06,2PM,2026-04-06|Anguilla|2PM,2026-04-06 13:52:48,2026-04-06 15:01:36,72,03,27,72|03|27,1ra,2da,3ra,40|45|79,40|45|79|89|81|21|98|17|48|41|14|74,,0,0,0,,,,,,0,0,0,NO JUGAR,0.632475,2.118277,0.000448,6.266671,5380,1409,0,4ba2cce9fc63b05256a9a82ca0eae07d
2026-04-06,4PM,2026-04-06|Anguilla|4PM,2026-04-06 15:56:50,2026-04-06 17:24:15,39,49,53,39|49|53,1ra,2da,3ra,62|44|21,62|44|21|02|09|75|93|01|49|36|19|55,,0,1,0,,49,,,49:2da,0,1,0,EDGE REAL,0.726684,2.562044,0.000596,9.015337,5382,1404,0,f13838da0cad4dfca1ec371c2b113214
2026-04-06,5PM,2026-04-06|Anguilla|5PM,2026-04-06 16:42:02,2026-04-06 17:24:15,95,59,04,95|59|04,1ra,2da,3ra,62|44|21,62|44|21|02|09|75|93|01|49|36|19|55,,0,0,0,,,,,,0,0,0,EDGE REAL,0.726684,2.562044,0.000596,9.015337,5382,1404,1,05a7696e2417108999a400d2ade80c87
2026-04-06,6PM,2026-04-06|Anguilla|6PM,2026-04-06 17:24:09,2026-04-06 18:50:17,11,48,91,11|48|91,1ra,2da,3ra,92|22|33,92|22|33|67|74|70|53|75|09|68|65|86,,0,0,0,,,,,,0,0,0,NO JUGAR,0.700779,2.213108,0.000444,6.324711,5384,1378,1,3cc11726cc1972abb4f773e042f9b0c0
2026-04-06,7PM,2026-04-06|Anguilla|7PM,2026-04-06 18:50:12,2026-04-06 19:23:59,09,83,15,09|83|15,1ra,2da,3ra,39|92|05,39|92|05|52|99|16|33|78|51|68|86|70,,0,0,0,,,,,,0,0,0,EDGE MODERADO,0.686139,2.43716,0.000795,11.739828,5385,1372,0,466fcbb3b983b2f401cb2a5d56e1507f
2026-04-06,8AM,2026-04-06|Anguilla|8AM,2026-04-06 07:49:16,2026-04-06 08:39:45,83,79,83,83|79|83,1ra,2da,3ra,85|27|91,85|27|91|95|74|48|69|66|61|82|13|67,,0,0,0,,,,,,0,0,0,EDGE REAL,0.844916,2.295868,0.000593,8.544827,5374,1380,0,d2dcebad8f116bce1a517705f455fbc8
2026-04-06,8PM,2026-04-06|Anguilla|8PM,2026-04-06 19:59:33,2026-04-06 20:08:25,19,44,62,19|44|62,1ra,2da,3ra,93|95|74,93|95|74|83|25|84|48|17|56|70|44|45,,0,1,0,,44,,,44:2da,0,1,0,EDGE MODERADO,0.672457,2.329676,0.00061,8.859138,5386,1424,0,509b1b158f4ddec5223757fd0cecb117
2026-04-06,9AM,2026-04-06|Anguilla|9AM,2026-04-06 08:39:40,2026-04-06 09:59:11,73,59,45,73|59|45,1ra,2da,3ra,25|91|16,25|91|16|74|77|12|80|83|39|63|78|71,,0,0,0,,,,,,0,0,0,EDGE MODERADO,0.866542,2.167863,0.000473,6.667162,5375,1402,1,18707709de0ea6217ada513d13a42aaf
2026-04-06,9PM,2026-04-06|Anguilla|9PM,2026-04-06 20:08:19,2026-04-06 22:43:13,20,45,68,20|45|68,1ra,2da,3ra,71|59|66,71|59|66|20|61|91|58|39|63|29|85|14,,0,1,0,,20,,,20:1ra,0,1,0,NO JUGAR,0.699105,1.982945,0.00034,4.648988,5387,1415,1,31bfc7b119064249e494b5cdcd56551c
2026-04-07,10AM,2026-04-07|Anguilla|10AM,2026-04-07 09:20:42,2026-04-07 10:54:01,83,73,94,83|73|94,1ra,2da,3ra,38|85|80,38|85|80|09|75|33|60|04|95|25|36|87,,0,0,0,,,,,,0,0,0,EDGE REAL,0.862708,2.550142,0.000659,9.944518,5391,1396,1,39dbd1307a4f2ce227844aceef70d960
2026-04-07,10PM,2026-04-07|Anguilla|10PM,2026-04-07 21:46:42,2026-04-07 22:43:53,95,00,02,95|00|02,1ra,2da,3ra,12|07|97,12|07|97|70|56|96|00|09|06|32|24|90,,0,1,0,,00,,,00:2da,0,1,0,EDGE REAL,0.834975,2.632079,0.000842,12.876688,5403,1475,1,45b537b2401022b746eba6e582125077
2026-04-07,11AM,2026-04-07|Anguilla|11AM,2026-04-07 10:53:55,2026-04-07 11:11:39,85,49,39,85|49|39,1ra,2da,3ra,01|61|99,01|61|99|80|08|66|88|44|83|96|62|81,,0,0,0,,,,,,0,0,0,EDGE MODERADO,0.688427,2.34394,0.000559,8.148255,5392,1462,1,f919b3c7eb7c4927a150a6b87d2be437
2026-04-07,12PM,2026-04-07|Anguilla|12PM,2026-04-07 11:11:34,2026-04-07 12:10:52,69,25,34,69|25|34,1ra,2da,3ra,66|29|95,66|29|95|83|41|56|47|36|54|79|43|96,,0,0,0,,,,,,0,0,0,NO JUGAR,0.624167,2.175035,0.000489,6.727087,5393,1457,1,f7a78c7f9d043409a9f029aff923549d
2026-04-07,1PM,2026-04-07|Anguilla|1PM,2026-04-07 12:14:27,2026-04-07 13:18:18,35,08,21,35|08|21,1ra,2da,3ra,75|68|14,75|68|14|51|11|98|69|76|78|71|23|89,,0,0,0,,,,,,0,0,0,NO JUGAR,0.606965,1.978869,0.000491,5.150645,5394,1438,0,bcde372ae4ff33b06ebb4a58cbdb2e8a
2026-04-07,2PM,2026-04-07|Anguilla|2PM,2026-04-07 13:18:13,2026-04-07 14:13:12,51,02,05,51|02|05,1ra,2da,3ra,48|32|49,48|32|49|52|78|53|81|22|42|89|14|99,,0,0,0,,,,,,0,0,0,EDGE MODERADO,0.757348,2.054598,0.000477,6.344861,5395,1421,1,784cde94d79b27777d12a467e8debcb6
2026-04-07,3PM,2026-04-07|Anguilla|3PM,2026-04-07 14:13:06,2026-04-07 15:18:56,60,91,45,60|91|45,1ra,2da,3ra,12|76|24,12|76|24|78|55|53|58|95|82|74|98|06,,0,0,0,,,,,,0,0,0,EDGE REAL,0.733102,2.645963,0.000851,13.026524,5396,1426,1,8f29180ed840a91e4a21b4b76d90774c
2026-04-07,4PM,2026-04-07|Anguilla|4PM,2026-04-07 15:34:07,2026-04-07 16:16:39,85,81,04,85|81|04,1ra,2da,3ra,05|58|02,05|58|02|20|88|00|39|23|37|68|17|13,,0,0,0,,,,,,0,0,0,EDGE MODERADO,0.669116,1.897457,0.000861,4.780337,5397,1466,0,33847ea6f589e4313a4062cd20b41d20
2026-04-07,5PM,2026-04-07|Anguilla|5PM,2026-04-07 16:19:41,2026-04-07 17:18:07,17,44,57,17|44|57,1ra,2da,3ra,09|84|60,09|84|60|42|36|75|48|11|41|63|21|54,,0,0,0,,,,,,0,0,0,EDGE REAL,0.749919,2.643686,0.000923,14.119867,5398,1443,1,b13744f9b3ad097a746c69b807bd0abf
2026-04-07,6PM,2026-04-07|Anguilla|6PM,2026-04-07 17:55:13,2026-04-07 18:07:51,93,38,09,93|38|09,1ra,2da,3ra,15|50|08,15|50|08|58|99|91|89|06|73|09|16|51,,0,1,0,,09,,,09:3ra,0,1,0,NO JUGAR,0.597913,1.999333,0.000426,5.311,5399,1495,0,164c8413de9ed4ab5fd4ec5cb971856f
2026-04-07,7PM,2026-04-07|Anguilla|7PM,2026-04-07 18:38:52,2026-04-07 19:22:02,70,65,28,70|65|28,1ra,2da,3ra,89|08|27,89|08|27|01|74|85|52|48|32|61|82|83,,0,0,0,,,,,,0,0,0,EDGE REAL,0.758882,2.40937,0.000713,10.508654,5400,1461,0,7789f1b5df04aac0100168340759f091
2026-04-07,8AM,2026-04-07|Anguilla|8AM,2026-04-07 07:54:44,2026-04-07 08:33:46,89,61,94,89|61|94,1ra,2da,3ra,47|56|81,47|56|81|02|33|20|38|84|36|28|39|70,,0,0,0,,,,,,0,0,0,EDGE REAL,0.741475,2.393515,0.000706,10.353923,5389,1369,0,a9a6b5830c15bdaeacb07a8fb4033e6b
2026-04-07,8PM,2026-04-07|Anguilla|8PM,2026-04-07 19:22:58,2026-04-07 21:46:48,75,24,38,75|24|38,1ra,2da,3ra,10|25|76,10|25|76|39|86|11|08|55|89|90|06|13,,0,0,0,,,,,,0,0,0,EDGE MODERADO,0.663778,2.219437,0.000497,7.101102,5401,1511,0,61d724c2afb28c9bff9ab935f625c2af
2026-04-07,9AM,2026-04-07|Anguilla|9AM,2026-04-07 08:33:40,2026-04-07 09:20:47,11,17,18,11|17|18,1ra,2da,3ra,83|35|69,83|35|69|15|09|20|75|86|58|39|68|73,,0,0,0,,,,,,0,0,0,EDGE MODERADO,0.658376,2.333333,0.000561,8.18716,5390,1409,1,3b0fabbbe47acffacf1a5249ad68d2a3
2026-04-07,9PM,2026-04-07|Anguilla|9PM,2026-04-07 20:03:02,2026-04-07 21:46:48,02,73,26,02|73|26,1ra,2da,3ra,10|25|76,10|25|76|39|86|11|08|55|89|90|06|13,,0,0,0,,,,,,0,0,0,EDGE MODERADO,0.663778,2.219437,0.000497,7.101102,5401,1511,1,bb0b40163f971c8e161ff7cc7dc17060
2026-04-08,10AM,2026-04-08|Anguilla|10AM,2026-04-08 09:23:20,2026-04-08 10:53:23,74,00,93,74|00|93,1ra,2da,3ra,44|96|16,44|96|16|71|58|82|54|32|93|36|67|60,,0,1,0,,93,,,93:3ra,0,1,0,NO JUGAR,0.619738,2.155502,0.000464,6.564431,5406,1390,1,92861d6132247f9b0ba8eb6de1687664
2026-04-08,11AM,2026-04-08|Anguilla|11AM,2026-04-08 10:53:17,2026-04-08 12:15:45,94,41,90,94|41|90,1ra,2da,3ra,60|24|47,60|24|47|49|32|50|62|16|68|15|78|58,,0,0,0,,,,,,0,0,0,EDGE MODERADO,0.778374,2.160365,0.000515,7.286149,5407,1390,1,798e72aeaae1adbd67a6e4b0750a4a4d
2026-04-08,1PM,2026-04-08|Anguilla|1PM,2026-04-08 12:18:41,2026-04-08 13:20:14,78,82,85,78|82|85,1ra,2da,3ra,34|41|61,34|41|61|96|52|38|57|82|99|69|00|67,,0,1,0,,82,,,82:2da,0,1,0,EDGE REAL,0.751684,2.452839,0.00061,9.08629,5409,1453,1,42026051a74e142a4e9aa6c7676b8f99
2026-04-08,2PM,2026-04-08|Anguilla|2PM,2026-04-08 13:35:22,2026-04-08 14:50:16,09,94,28,09|94|28,1ra,2da,3ra,34|57|11,34|57|11|13|14|20|94|82|52|54|95|28,,0,2,0,,94|28,,,94:2da|28:3ra,0,1,0,NO JUGAR,0.615517,1.980476,0.000338,4.631144,5410,1468,0,0a53a319a02e5059596213c10cb21d4d
2026-04-08,3PM,2026-04-08|Anguilla|3PM,2026-04-08 14:50:11,2026-04-08 15:24:47,65,59,70,65|59|70,1ra,2da,3ra,74|19|82,74|19|82|69|83|62|39|86|55|13|32|66,,0,0,0,,,,,,0,0,0,NO JUGAR,0.659703,1.950769,0.00034,4.422651,5411,1457,1,f147d2b37e2b3811c417bc5b5e56f10b
2026-04-08,4PM,2026-04-08|Anguilla|4PM,2026-04-08 15:51:55,2026-04-08 17:31:07,63,89,98,63|89|98,1ra,2da,3ra,86|89|32,86|89|32|40|85|09|10|33|02|60|44|91,,1,1,0,89,89,,89:2da,89:2da,1,1,0,EDGE REAL,0.79577,2.609954,0.000684,10.46866,5412,1500,0,11e958662d2ec203c14fe7be06ac48b0
2026-04-08,5PM,2026-04-08|Anguilla|5PM,2026-04-08 16:43:36,2026-04-08 17:31:07,26,64,52,26|64|52,1ra,2da,3ra,86|89|32,86|89|32|40|85|09|10|33|02|60|44|91,,0,0,0,,,,,,0,0,0,EDGE REAL,0.79577,2.609954,0.000684,10.46866,5412,1500,1,9a4a96e1afd0ef220137495adf9ee6aa
2026-04-08,6PM,2026-04-08|Anguilla|6PM,2026-04-08 17:31:02,2026-04-08 18:23:29,02,01,86,02|01|86,1ra,2da,3ra,56|74|69,56|74|69|96|21|50|04|35|44|54|64|97,,0,0,0,,,,,,0,0,0,EDGE REAL,0.833377,2.464269,0.000743,11.092275,5414,1519,1,3bd97bf1fbf97a41498ec1e4e234f8f6
2026-04-08,7PM,2026-04-08|Anguilla|7PM,2026-04-08 18:23:23,2026-04-08 19:08:18,87,37,42,87|37|42,1ra,2da,3ra,53|36|90,53|36|90|03|81|95|96|94|86|12|34|68,,0,0,0,,,,,,0,0,0,NO JUGAR,0.730403,2.194862,0.000383,5.477805,5415,1442,1,73f6092a551381aec53d896664fa13bb
2026-04-08,8AM,2026-04-08|Anguilla|8AM,2026-04-08 07:55:42,2026-04-08 08:51:57,36,84,12,36|84|12,1ra,2da,3ra,58|28|26,58|28|26|29|90|83|41|24|60|95|84|17,,0,1,0,,84,,,84:2da,0,1,0,EDGE REAL,0.849926,2.50909,0.000838,12.558236,5404,1421,0,1a0a1985aa15e5097c416441213406ea
2026-04-08,9AM,2026-04-08|Anguilla|9AM,2026-04-08 08:51:51,2026-04-08 09:23:25,19,98,56,19|98|56,1ra,2da,3ra,80|67|81,80|67|81|86|82|63|58|23|44|84|94|36,,0,0,0,,,,,,0,0,0,NO JUGAR,0.653517,2.101641,0.000438,6.127209,5405,1400,1,5d84acab1a26f335112c9d72aef204cd
