generated_rd,target_fecha,target_hora,signal_key,edge_label,alert_level,best_score,best_lift,best_mi,best_chi2,rows_used,support,top3,top12,top_pairs,notified,fingerprint
2026-03-31 09:18:52,2026-03-31,10AM,2026-03-31|Anguilla|10AM,EDGE FUERTE,HIGH,0.61328,2.123288,0.000808,6.308078,5301,1427,22|78|61,22|78|61|54|89|02|90|43|47|58|53|92,22-78|22-61|22-54,1,8cd3dd3ce387d2120d713e63aeee726d
2026-03-31 21:09:46,2026-03-31,10PM,2026-03-31|Anguilla|10PM,EDGE ELITE,HIGH,1.158384,2.229968,0.000564,7.934757,5313,1440,32|56|81,32|56|81|27|09|94|03|59|79|23|71|40,,1,ee6e1e6783145fad05df1d41f10a9d64
2026-03-31 10:46:58,2026-03-31,11AM,2026-03-31|Anguilla|11AM,EDGE FUERTE,HIGH,0.642943,2.443523,0.00087,9.947634,5302,1426,81|61|94,81|61|94|27|34|12|71|83|90|65|10|89,81-27|81-61|81-34,0,5a5c7803dd2b10fa8562b8f84f034e06
2026-03-31 11:54:43,2026-03-31,12PM,2026-03-31|Anguilla|12PM,EDGE FUERTE,HIGH,0.67802,2.079311,0.000942,6.567742,5303,1419,47|24|36,47|24|36|33|16|95|46|78|08|37|15|74,47-24|24-36|47-36,0,4bdd0cc41039b774b3f312808cce5bb5
2026-03-31 12:58:31,2026-03-31,1PM,2026-03-31|Anguilla|1PM,EDGE FUERTE,HIGH,0.655395,1.880555,0.000299,3.939717,5304,1382,50|03|84,50|03|84|47|17|81|53|74|00|21|89|55,50-84|50-03|03-17,0,f82f11dde272ad77fc1df24aae1b32c3
2026-03-31 13:34:29,2026-03-31,2PM,2026-03-31|Anguilla|2PM,EDGE FUERTE,HIGH,0.722531,2.023522,0.000364,4.936788,5305,1363,37|58|98,37|58|98|53|00|77|01|11|45|22|62|23,37-58|37-98|37-00,1,572687359aa66207d579314c79405de3
2026-03-31 14:22:59,2026-03-31,3PM,2026-03-31|Anguilla|3PM,EDGE FUERTE,HIGH,0.785785,2.094749,0.000378,5.155152,5306,1348,38|53|23,38|53|23|69|04|85|55|89|74|77|73|35,38-85|38-53|38-23,1,3e551db7d10e50348ecc96b6d2fcb849
2026-03-31 15:15:33,2026-03-31,4PM,2026-03-31|Anguilla|4PM,EDGE FUERTE,HIGH,0.691574,2.337474,0.000565,8.107215,5307,1335,48|38|41,48|38|41|62|60|82|09|39|02|85|91|58,48-41|38-41|48-38,0,c1278e815fc8490f82b18a938db7635f
2026-03-31 16:56:18,2026-03-31,5PM,2026-03-31|Anguilla|5PM,EDGE FUERTE,HIGH,0.687064,2.409223,0.0006,8.716512,5308,1344,32|66|12,32|66|12|93|16|25|11|30|57|94|06|14,32-66|66-11|32-93,0,aa234cf216e6690cc5f3b1ec437a8564
2026-03-31 17:42:17,2026-03-31,6PM,2026-03-31|Anguilla|6PM,EDGE FUERTE,HIGH,0.82134,2.119361,0.000502,6.926246,5309,1388,56|15|66,56|15|66|13|50|22|42|10|83|24|43|36,56-15|56-22|56-13,0,072e5c10389681073432d916c28ef833
2026-03-31 18:59:29,2026-03-31,7PM,2026-03-31|Anguilla|7PM,EDGE FUERTE,HIGH,0.770088,2.282443,0.000593,8.414543,5310,1426,39|47|67,39|47|67|08|46|34|53|06|87|83|60|36,39-47|39-67|39-08,0,70403c147d43868309f77b0583f2937f
2026-03-31 07:50:44,2026-03-31,8AM,2026-03-31|Anguilla|8AM,EDGE FUERTE,HIGH,0.805234,2.235351,0.000568,7.985501,5299,1442,87|23|75,87|23|75|53|07|86|84|89|95|19|35|03,87-23|87-75|87-53,0,34c8a95dd5cc30657cfd668061d1a4fc
2026-03-31 19:43:23,2026-03-31,8PM,2026-03-31|Anguilla|8PM,EDGE ELITE,HIGH,1.059618,3.069942,0.001392,22.261092,5311,1456,02|07|80,02|07|80|57|33|42|86|38|56|77|82|60,,0,290e242fe63c84cb52c45c5cf0273a8a
2026-03-31 08:09:17,2026-03-31,9AM,2026-03-31|Anguilla|9AM,EDGE FUERTE,HIGH,1.033346,2.574179,0.000753,11.212499,5300,1428,71|23|04,71|23|04|94|74|89|39|81|90|87|02|00,71-04|71-23|71-74,1,d1186be809d07e7f1047479a36edf6ee
2026-03-31 20:07:07,2026-03-31,9PM,2026-03-31|Anguilla|9PM,EDGE ELITE,HIGH,1.188125,2.459259,0.000625,9.154762,5312,1447,67|56|38,67|56|38|83|03|49|92|25|65|00|42|96,,1,dc3f6b098d51c74bb1d3e6ebe59e86b6
2026-04-01 09:23:56,2026-04-01,10AM,2026-04-01|Anguilla|10AM,EDGE REAL,MEDIUM,1.079151,2.48259,0.000702,10.322804,5316,1380,12|42|29,12|42|29|99|02|52|47|90|16|84|56|86,,0,6e91bfd8d6a2008d955dc6c6fc6add61
2026-04-01 21:50:07,2026-04-01,10PM,2026-04-01|Anguilla|10PM,EDGE MODERADO,LOW,1.11917,2.345355,0.000627,9.013062,5328,1406,33|39|16,33|39|16|47|12|32|17|78|82|65|74|38,,1,c57ba4d17d3fcb80e1aad9e5ad6be0bd
2026-04-01 10:50:27,2026-04-01,11AM,2026-04-01|Anguilla|11AM,EDGE REAL,MEDIUM,1.592527,2.188414,0.000857,6.953189,5317,1414,80|53|18,80|53|18|78|08|58|89|50|29|82|77|76,,0,6868e0c9370df61e30a72d4ddeb9f7f6
2026-04-01 11:59:15,2026-04-01,12PM,2026-04-01|Anguilla|12PM,EDGE MODERADO,LOW,1.280315,2.593767,0.00098,14.622447,5318,1422,44|75|42,44|75|42|01|82|71|39|73|32|61|16|67,,0,8fecb3ce92aecdc94546a6351df5e06c
2026-04-01 12:34:03,2026-04-01,1PM,2026-04-01|Anguilla|1PM,EDGE MODERADO,LOW,1.191279,2.407156,0.000475,6.916635,5319,1392,53|38|14,53|38|14|20|90|60|89|65|37|47|48|33,,1,906c5c55dc6bd0b579bc6582c1c16582
2026-04-01 13:16:56,2026-04-01,2PM,2026-04-01|Anguilla|2PM,EDGE MODERADO,LOW,1.334401,2.436042,0.000677,9.875497,5320,1385,38|93|35,38|93|35|53|34|51|33|21|26|90|72|39,,0,9d43f57f9aa05ab5a489bf9e876722f9
2026-04-01 14:01:47,2026-04-01,3PM,2026-04-01|Anguilla|3PM,EDGE MODERADO,LOW,1.095107,2.233381,0.000868,7.218335,5321,1385,22|95|57,22|95|57|02|32|62|42|04|09|15|18|96,,1,d59efc319beca7dc08826ccbc93c106e
2026-04-01 15:19:20,2026-04-01,4PM,2026-04-01|Anguilla|4PM,EDGE REAL,MEDIUM,1.070739,2.259779,0.00058,8.211595,5322,1441,74|32|11,74|32|11|42|82|65|04|39|08|93|38|48,,0,080515c848be09dd01f416bcb0acc161
2026-04-01 16:59:59,2026-04-01,5PM,2026-04-01|Anguilla|5PM,EDGE REAL,MEDIUM,1.1307,2.339692,0.000507,7.287592,5323,1400,32|33|56,32|33|56|42|15|90|06|60|09|36|19|47,,0,77388ec5f4d6f0ac1176afde27a7e266
2026-04-01 17:53:47,2026-04-01,6PM,2026-04-01|Anguilla|6PM,EDGE MODERADO,LOW,1.300131,2.194467,0.000544,7.609206,5324,1428,74|18|68,74|18|68|38|20|71|02|30|82|27|54|67,,0,bb604fcfdd985414bdc518dd942bd9a5
2026-04-01 18:38:21,2026-04-01,7PM,2026-04-01|Anguilla|7PM,EDGE MODERADO,LOW,1.240451,2.685387,0.000964,14.614904,5325,1405,09|89|22,09|89|22|92|59|48|97|93|78|02|68|36,,0,af9a1c0c2a0468c07f18af963d0b7a0a
2026-04-01 07:53:56,2026-04-01,8AM,2026-04-01|Anguilla|8AM,EDGE REAL,MEDIUM,1.302144,2.543426,0.000875,12.96319,5314,1414,94|29|20,94|29|20|27|86|26|82|74|71|81|85|54,,0,85d8eadaea450f32ac8071cde90b95cb
2026-04-01 19:57:09,2026-04-01,8PM,2026-04-01|Anguilla|8PM,EDGE REAL,MEDIUM,1.259978,2.579113,0.00097,14.439128,5326,1443,44|98|61,44|98|61|16|74|39|23|46|87|82|10|32,,0,ce51b506d43ecf198ed380a172f5d19d
2026-04-01 20:13:40,2026-04-01,9PM,2026-04-01|Anguilla|9PM,EDGE REAL,MEDIUM,1.259785,2.578628,0.00097,14.433148,5326,1443,44|98|61,44|98|61|16|74|39|23|46|87|10|82|32,,1,89f9356a2e59c955cae6ce0bad6fe512
2026-04-02 09:48:50,2026-04-02,10AM,2026-04-02|Anguilla|10AM,EDGE REAL,MEDIUM,0.961779,2.732271,0.000755,11.573317,5331,1375,61|24|38,61|24|38|33|58|11|95|34|22|83|54|84,,1,9e16b615434ca99577f05fc9c47fb80e
2026-04-02 10:08:55,2026-04-02,11AM,2026-04-02|Anguilla|11AM,EDGE REAL,MEDIUM,0.961186,2.340572,0.000507,7.294279,5332,1344,32|46|14,32|46|14|44|18|47|94|59|36|62|39|61,,1,75f8cb012b30b600ebada9647c83df42
2026-04-02 11:15:36,2026-04-02,12PM,2026-04-02|Anguilla|12PM,EDGE REAL,MEDIUM,1.499068,2.845979,0.000977,15.203016,5333,1362,20|13|43,20|13|43|99|57|44|51|77|69|67|27|96,,1,f2ef7ec6d8ab5c02186d2b878b8d7dd0
2026-04-02 12:14:10,2026-04-02,1PM,2026-04-02|Anguilla|1PM,EDGE REAL,MEDIUM,1.429261,2.263516,0.000831,7.478102,5334,1411,19|62|74,19|62|74|20|66|43|31|27|95|60|76|32,,1,58f0bb8f7aed442af1caa87b6036fd07
2026-04-02 13:12:19,2026-04-02,2PM,2026-04-02|Anguilla|2PM,EDGE MODERADO,LOW,0.900884,1.896671,0.000739,4.050017,5335,1423,97|01|33,97|01|33|12|90|78|48|59|44|21|89|14,,1,5af08fc4f299333d34e263bb450f6ac4
2026-04-02 14:04:41,2026-04-02,3PM,2026-04-02|Anguilla|3PM,EDGE MODERADO,LOW,1.093365,2.226041,0.000561,7.892275,5336,1446,40|44|92,40|44|92|68|58|72|96|16|42|56|32|01,,1,34be360cb045cce59f7a87030072448e
2026-04-02 15:59:39,2026-04-02,4PM,2026-04-02|Anguilla|4PM,EDGE REAL,MEDIUM,1.078351,2.451548,0.000944,10.964968,5337,1397,70|02|29,70|02|29|04|97|43|17|86|84|06|98|50,,0,8d5c4dbcd5096ee0382fad2edd961d97
2026-04-02 16:48:21,2026-04-02,5PM,2026-04-02|Anguilla|5PM,EDGE REAL,MEDIUM,1.078108,2.451087,0.000945,10.960192,5337,1397,70|02|43,70|02|43|29|04|97|17|86|84|06|98|50,,1,73ba59344096ea3324ca2a501543d0c2
2026-04-02 17:23:29,2026-04-02,6PM,2026-04-02|Anguilla|6PM,EDGE REAL,MEDIUM,1.191716,2.649492,0.001094,16.453927,5339,1414,99|72|69,99|72|69|81|12|80|17|67|57|05|62|20,,0,f069f54bf50b81b806c294c288ffb27b
2026-04-02 18:49:28,2026-04-02,7PM,2026-04-02|Anguilla|7PM,EDGE REAL,MEDIUM,1.012637,2.300826,0.000602,8.586093,5340,1411,06|48|76,06|48|76|62|19|92|81|28|95|51|08|66,,0,ac09cf612874add45a42224337ffa24f
2026-04-02 07:45:34,2026-04-02,8AM,2026-04-02|Anguilla|8AM,SEÑAL DÉBIL,INFO,1.068665,1.953263,0.00037,4.955242,5329,1402,52|21|44,52|21|44|93|28|54|83|01|66|03|64|46,,0,7aeb38233a123edde72aac441634880e
2026-04-02 19:57:56,2026-04-02,8PM,2026-04-02|Anguilla|8PM,EDGE MODERADO,LOW,1.180129,2.629055,0.000707,10.65561,5341,1420,53|41|84,53|41|84|89|79|81|38|82|09|85|34|78,,0,f350b901b8a58cabd842694049a1e56a
2026-04-02 08:40:00,2026-04-02,9AM,2026-04-02|Anguilla|9AM,SEÑAL DÉBIL,INFO,1.178763,2.220598,0.000505,7.11136,5330,1398,22|37|83,22|37|83|02|74|45|00|98|53|51|95|33,,0,b28e37adbb9e1b3f9a8b7e25db6aa754
2026-04-03 09:36:55,2026-04-03,10AM,2026-04-03|Anguilla|10AM,SEÑAL DÉBIL,INFO,1.096881,2.687822,0.000811,12.330882,5344,1378,18|53|92,18|53|92|84|70|82|02|81|48|11|93|13,,0,038e1689cf4aa8edcb822ddfd4683dee
2026-04-03 10:25:44,2026-04-03,11AM,2026-04-03|Anguilla|11AM,SEÑAL DÉBIL,INFO,1.096537,2.687316,0.000811,12.325946,5344,1378,18|53|92,18|53|92|84|70|82|02|81|48|11|93|13,,0,aa6d8cd09906ec373eb039cf5e773dce
2026-04-03 11:54:28,2026-04-03,12PM,2026-04-03|Anguilla|12PM,SEÑAL DÉBIL,INFO,1.09606,2.686811,0.000811,12.32101,5344,1378,18|53|92,18|53|92|84|70|82|02|81|48|11|93|13,,0,cf615ce713a797525a0a876b9d141e9b
2026-04-03 12:41:04,2026-04-03,1PM,2026-04-03|Anguilla|1PM,SEÑAL DÉBIL,INFO,1.098093,2.686305,0.000811,12.316075,5344,1377,18|53|92,18|53|92|84|70|82|02|81|48|11|93|06,,0,3b677d3dc7a384b67879b5a76d68946a
2026-04-03 13:21:03,2026-04-03,2PM,2026-04-03|Anguilla|2PM,SEÑAL DÉBIL,INFO,1.09775,2.6858,0.000811,12.311139,5344,1377,18|53|92,18|53|92|84|70|82|02|81|48|11|93|06,,0,39ac5cc2406eba9613f01f86e66d5c75
2026-04-03 14:01:14,2026-04-03,3PM,2026-04-03|Anguilla|3PM,SEÑAL DÉBIL,INFO,1.097406,2.685294,0.00081,12.306204,5344,1377,18|53|92,18|53|92|84|70|82|02|81|48|11|93|06,,0,2c5ac1d95786ba601585ad606d424485
2026-04-03 15:51:15,2026-04-03,4PM,2026-04-03|Anguilla|4PM,SEÑAL DÉBIL,INFO,1.097063,2.684789,0.00081,12.30127,5344,1377,18|53|92,18|53|92|84|70|82|02|81|48|11|93|06,,0,6ae74d6be87d81f9feda0bf34d402231
2026-04-03 16:37:25,2026-04-03,5PM,2026-04-03|Anguilla|5PM,SEÑAL DÉBIL,INFO,1.097977,2.684283,0.00081,12.296335,5344,1376,18|53|92,18|53|92|84|70|82|02|81|48|93|11|13,,0,3c6fd9ec23d71650d7ce016088ebc052
2026-04-03 17:48:27,2026-04-03,6PM,2026-04-03|Anguilla|6PM,SEÑAL DÉBIL,INFO,1.097316,2.683778,0.00081,12.291401,5344,1375,18|53|92,18|53|92|84|70|82|02|81|48|93|11|13,,0,0cac2540498bc006c49a1ded3f4fb3e6
2026-04-03 18:57:11,2026-04-03,7PM,2026-04-03|Anguilla|7PM,SEÑAL DÉBIL,INFO,1.096972,2.683272,0.00081,12.286467,5344,1375,18|53|92,18|53|92|84|70|82|02|81|48|93|11|13,,0,4183486bc2abb105ea7348ce1e2612f4
2026-04-03 07:37:58,2026-04-03,8AM,2026-04-03|Anguilla|8AM,SEÑAL DÉBIL,INFO,1.097193,2.688327,0.000811,12.335818,5344,1378,18|53|92,18|53|92|84|70|82|02|81|48|11|93|13,,0,7ef51181aa2e7c8db1f8428844024eb2
2026-04-03 19:40:13,2026-04-03,8PM,2026-04-03|Anguilla|8PM,SEÑAL DÉBIL,INFO,1.096629,2.682767,0.00081,12.281533,5344,1375,18|53|92,18|53|92|84|70|82|02|81|48|93|11|13,,0,5b89f8a4dc56bef872d7438bdda9a6ec
2026-04-03 08:04:56,2026-04-03,9AM,2026-04-03|Anguilla|9AM,SEÑAL DÉBIL,INFO,1.097226,2.688327,0.000811,12.335818,5344,1378,18|53|92,18|53|92|84|70|82|02|81|48|11|93|13,,0,c14728362f3bc917ac61d47244d3b31e
2026-04-03 20:03:41,2026-04-03,9PM,2026-04-03|Anguilla|9PM,SEÑAL DÉBIL,INFO,1.09805,2.682261,0.00081,12.2766,5344,1374,18|53|92,18|53|92|84|70|82|02|81|48|93|11|13,,0,6f630faf15c481dd1a994ec4e1f4ec9e
2026-04-04 09:55:45,2026-04-04,10AM,2026-04-04|Anguilla|10AM,SEÑAL DÉBIL,INFO,1.097312,2.222874,0.000508,7.130071,5346,1416,45|85|11,45|85|11|50|83|57|16|38|19|89|44|28,,0,62ffca49c06fec83e59f5b1d0426330b
2026-04-04 21:22:03,2026-04-04,10PM,2026-04-04|Anguilla|10PM,EDGE MODERADO,LOW,0.850298,2.022393,0.000322,4.368073,5358,1384,27|42|04,27|42|04|85|63|39|62|20|91|30|75|07,,1,e5f43cfa17d007b8011dfee591638ade
2026-04-04 10:34:56,2026-04-04,11AM,2026-04-04|Anguilla|11AM,EDGE REAL,MEDIUM,1.101521,2.481548,0.000703,10.306819,5347,1453,42|57|09,42|57|09|81|74|48|15|05|84|20|14|26,,0,f42da4cdc40f73a869745aafef676982
2026-04-04 11:46:10,2026-04-04,12PM,2026-04-04|Anguilla|12PM,EDGE MODERADO,LOW,1.194717,2.413098,0.000729,10.562715,5348,1471,05|74|11,05|74|11|82|65|32|16|93|76|90|61|19,,0,25db0c9ce11126001ee92b48fdf63017
2026-04-04 12:57:05,2026-04-04,1PM,2026-04-04|Anguilla|1PM,EDGE MODERADO,LOW,1.276572,2.142626,0.000496,6.46868,5349,1459,09|56|59,09|56|59|38|69|14|33|15|04|35|42|29,,0,9346b79814966aadc49276ba650837d3
2026-04-04 13:36:53,2026-04-04,2PM,2026-04-04|Anguilla|2PM,EDGE REAL,MEDIUM,1.102014,2.399918,0.000658,9.526511,5350,1447,40|82|10,40|82|10|61|51|00|94|56|20|13|71|12,,0,ad9e0036ceb16bcfd4377f3b631333ba
2026-04-04 14:57:59,2026-04-04,3PM,2026-04-04|Anguilla|3PM,EDGE MODERADO,LOW,1.049566,1.988424,0.000366,4.68953,5351,1398,14|33|11,14|33|11|38|51|88|93|22|82|81|12|54,,1,9d5c73fc0b6206a0a5b1917fcab4c2b2
2026-04-04 15:59:18,2026-04-04,4PM,2026-04-04|Anguilla|4PM,SEÑAL DÉBIL,INFO,1.283542,2.33573,0.000505,7.250828,5352,1398,86|40|69,86|40|69|41|18|53|88|75|84|44|99|20,,0,06833e7f0aa1ea8bd3999d3a2a9cf608
2026-04-04 16:45:02,2026-04-04,5PM,2026-04-04|Anguilla|5PM,SEÑAL DÉBIL,INFO,1.037627,2.112093,0.000452,6.218518,5353,1452,08|02|76,08|02|76|39|66|91|85|41|37|95|92|53,,0,50f56a14af19d088f38393159ede2de9
2026-04-04 17:48:57,2026-04-04,6PM,2026-04-04|Anguilla|6PM,EDGE MODERADO,LOW,1.410251,2.764327,0.000852,13.079856,5354,1464,26|79|85,26|79|85|86|89|29|14|61|30|08|59|28,,0,d979ff80be8887c6200d02f694378330
2026-04-04 18:51:36,2026-04-04,7PM,2026-04-04|Anguilla|7PM,SEÑAL DÉBIL,INFO,0.999238,2.172971,0.000533,7.408865,5355,1429,79|43|23,79|43|23|62|12|51|47|13|86|34|20|88,,0,870dbc4ea72908c4c6d94998794ac85d
2026-04-04 07:54:31,2026-04-04,8AM,2026-04-04|Anguilla|8AM,SEÑAL DÉBIL,INFO,1.097742,2.681756,0.00081,12.271666,5344,1374,18|53|92,18|53|92|84|70|82|02|81|48|93|11|13,,0,4b271e6312c51c424fddaec145825aae
2026-04-04 19:59:40,2026-04-04,8PM,2026-04-04|Anguilla|8PM,EDGE MODERADO,LOW,1.097271,2.404577,0.000475,6.899285,5356,1360,53|43|32,53|43|32|42|44|52|69|12|75|38|09|35,,0,395214773bdd17a1be8cfa6bf9af164c
2026-04-04 08:57:18,2026-04-04,9AM,2026-04-04|Anguilla|9AM,EDGE REAL,MEDIUM,1.23988,2.171354,0.000532,7.397631,5345,1400,18|21|02,18|21|02|29|43|01|23|70|78|13|51|20,,1,2c2cd1db7b41f1270f2fbcbc39e5c84c
2026-04-04 20:11:17,2026-04-04,9PM,2026-04-04|Anguilla|9PM,EDGE MODERADO,LOW,1.085778,2.154808,0.000473,6.570048,5357,1337,54|85|53,54|85|53|77|29|82|46|03|21|63|28|37,,1,d4cf0b39779b4ea6ef3f148f674f6955
2026-04-05 09:15:55,2026-04-05,10AM,2026-04-05|Anguilla|10AM,EDGE MODERADO,LOW,1.072066,2.126603,0.000411,5.685583,5361,1386,92|02|38,92|02|38|47|77|79|11|33|83|86|13|17,,1,f190c3c7ad7bfedef7752ab4df185ee5
2026-04-05 21:08:18,2026-04-05,10PM,2026-04-05|Anguilla|10PM,EDGE REAL,MEDIUM,0.953666,2.421533,0.000614,8.956515,5373,1404,24|32|38,24|32|38|92|95|57|99|52|55|62|83|44,,1,aa0cb1adf4543d81e66bd6c686833678
2026-04-05 10:51:44,2026-04-05,11AM,2026-04-05|Anguilla|11AM,EDGE REAL,MEDIUM,1.308321,2.663686,0.0008,12.092767,5362,1348,18|53|68,18|53|68|27|56|45|92|93|61|91|74|09,,0,15651d4c31868a13e92f190dd57acb00
2026-04-05 11:33:33,2026-04-05,12PM,2026-04-05|Anguilla|12PM,EDGE MODERADO,LOW,1.052928,2.101584,0.000358,4.832948,5363,1398,43|24|28,43|24|28|77|99|62|15|25|29|96|54|03,,0,a869b9a5005b30352da3283e48bab833
2026-04-05 12:51:56,2026-04-05,1PM,2026-04-05|Anguilla|1PM,SEÑAL DÉBIL,INFO,1.266981,2.010149,0.0004,5.398968,5364,1400,85|00|43,85|00|43|01|61|95|47|71|51|89|32|36,,0,6d9e84149ddd2288f75700b2e360bd92
2026-04-05 13:32:22,2026-04-05,2PM,2026-04-05|Anguilla|2PM,SEÑAL DÉBIL,INFO,1.019338,2.318309,0.000555,7.936213,5365,1451,83|24|51,83|24|51|46|39|31|95|98|47|60|52|62,,0,bfbb884f07c6a85cb423830247a10fcf
2026-04-05 14:53:21,2026-04-05,3PM,2026-04-05|Anguilla|3PM,SEÑAL DÉBIL,INFO,0.957465,2.154221,0.000473,6.560381,5366,1387,18|32|06,18|32|06|93|89|86|48|60|72|44|52|47,,0,fb28f738405b6bef7af16c2501aea550
2026-04-05 15:46:43,2026-04-05,4PM,2026-04-05|Anguilla|4PM,EDGE MODERADO,LOW,1.13687,2.651349,0.000856,11.969452,5367,1387,59|96|29,59|96|29|26|09|35|86|56|14|28|20|15,,0,86f1a8cdef1bd0b8318b60c23352c02e
2026-04-05 16:53:01,2026-04-05,5PM,2026-04-05|Anguilla|5PM,EDGE MODERADO,LOW,1.092576,2.324178,0.000616,8.809411,5368,1380,12|00|61,12|00|61|29|56|54|89|49|71|64|10|21,,0,53a3946400052812d149467ef591de22
2026-04-05 17:59:24,2026-04-05,6PM,2026-04-05|Anguilla|6PM,EDGE MODERADO,LOW,1.181702,2.048077,0.000419,5.701124,5369,1403,87|88|35,87|88|35|12|74|43|13|22|20|95|86|33,,0,906b88b917a95ffb220c3c958e65a83f
2026-04-05 18:42:36,2026-04-05,7PM,2026-04-05|Anguilla|7PM,EDGE MODERADO,LOW,1.164173,2.645271,0.000715,10.792325,5370,1423,53|85|71,53|85|71|87|69|44|15|18|82|04|20|62,,1,889b0fefae2c0fd406ee8e14c4e8f939
2026-04-05 07:58:08,2026-04-05,8AM,2026-04-05|Anguilla|8AM,SEÑAL DÉBIL,INFO,0.948593,2.271832,0.000539,7.659084,5359,1398,24|79|81,24|79|81|84|89|57|32|94|34|72|53|05,,0,484d4c284e5747839c93ce1daf354398
2026-04-05 19:53:44,2026-04-05,8PM,2026-04-05|Anguilla|8PM,EDGE MODERADO,LOW,1.014197,2.093886,0.000488,6.697675,5371,1458,17|20|69,17|20|69|59|16|39|43|42|85|15|37|80,,0,1f9ff0e314a204f7bea938a547cce8b0
2026-04-05 20:43:33,2026-04-05,9PM,2026-04-05|Anguilla|9PM,EDGE REAL,MEDIUM,1.292055,2.460036,0.000822,12.00581,5372,1438,39|17|33,39|17|33|16|47|58|42|60|93|86|70|66,,1,041fc4bd7c678e02abb31e53a61c332a
2026-04-06 09:59:05,2026-04-06,10AM,2026-04-06|Anguilla|10AM,EDGE REAL,MEDIUM,0.90509,2.211057,0.000598,8.48341,5376,1426,63|67|70,63|67|70|22|39|29|27|32|13|52|55|35,,1,eeb5c87e33a24b1658b6c38aeec0ca4f
2026-04-06 10:59:16,2026-04-06,11AM,2026-04-06|Anguilla|11AM,EDGE MODERADO,LOW,0.837147,2.286139,0.000532,7.665048,5377,1410,56|38|54,56|38|54|84|14|53|35|30|88|87|26|95,,0,4a4122fd62b6dbba053bcdd085afee8a
2026-04-06 11:57:13,2026-04-06,12PM,2026-04-06|Anguilla|12PM,EDGE MODERADO,LOW,0.650123,2.28307,0.00053,7.630057,5378,1390,95|74|53,95|74|53|69|96|73|84|76|04|75|23|68,,0,00d62ae6366a95e05dd0014ae1c04e8f
2026-04-06 12:57:08,2026-04-06,1PM,2026-04-06|Anguilla|1PM,EDGE REAL,MEDIUM,0.825003,2.400852,0.000649,9.531446,5379,1425,27|90|39,27|90|39|25|76|38|85|92|36|20|17|18,,0,532b9377ea04e9d0f6991f39275095e5
2026-04-06 13:52:48,2026-04-06,2PM,2026-04-06|Anguilla|2PM,NO JUGAR,NONE,0.632475,2.118277,0.000448,6.266671,5380,1409,40|45|79,40|45|79|89|81|21|98|17|48|41|14|74,,0,4ba2cce9fc63b05256a9a82ca0eae07d
2026-04-06 15:56:50,2026-04-06,4PM,2026-04-06|Anguilla|4PM,EDGE REAL,MEDIUM,0.726684,2.562044,0.000596,9.015337,5382,1404,62|44|21,62|44|21|02|09|75|93|01|49|36|19|55,,0,f13838da0cad4dfca1ec371c2b113214
2026-04-06 16:42:02,2026-04-06,5PM,2026-04-06|Anguilla|5PM,EDGE REAL,MEDIUM,0.726684,2.562044,0.000596,9.015337,5382,1404,62|44|21,62|44|21|02|09|75|93|01|49|36|19|55,,1,05a7696e2417108999a400d2ade80c87
2026-04-06 17:24:09,2026-04-06,6PM,2026-04-06|Anguilla|6PM,NO JUGAR,NONE,0.700779,2.213108,0.000444,6.324711,5384,1378,92|22|33,92|22|33|67|74|70|53|75|09|68|65|86,,1,3cc11726cc1972abb4f773e042f9b0c0
2026-04-06 18:50:12,2026-04-06,7PM,2026-04-06|Anguilla|7PM,EDGE MODERADO,LOW,0.686139,2.43716,0.000795,11.739828,5385,1372,39|92|05,39|92|05|52|99|16|33|78|51|68|86|70,,0,466fcbb3b983b2f401cb2a5d56e1507f
2026-04-06 07:49:16,2026-04-06,8AM,2026-04-06|Anguilla|8AM,EDGE REAL,MEDIUM,0.844916,2.295868,0.000593,8.544827,5374,1380,85|27|91,85|27|91|95|74|48|69|66|61|82|13|67,,0,d2dcebad8f116bce1a517705f455fbc8
2026-04-06 19:59:33,2026-04-06,8PM,2026-04-06|Anguilla|8PM,EDGE MODERADO,LOW,0.672457,2.329676,0.00061,8.859138,5386,1424,93|95|74,93|95|74|83|25|84|48|17|56|70|44|45,,0,509b1b158f4ddec5223757fd0cecb117
2026-04-06 08:39:40,2026-04-06,9AM,2026-04-06|Anguilla|9AM,EDGE MODERADO,LOW,0.866542,2.167863,0.000473,6.667162,5375,1402,25|91|16,25|91|16|74|77|12|80|83|39|63|78|71,,1,18707709de0ea6217ada513d13a42aaf
2026-04-06 20:08:19,2026-04-06,9PM,2026-04-06|Anguilla|9PM,NO JUGAR,NONE,0.699105,1.982945,0.00034,4.648988,5387,1415,71|59|66,71|59|66|20|61|91|58|39|63|29|85|14,,1,31bfc7b119064249e494b5cdcd56551c
2026-04-07 09:20:42,2026-04-07,10AM,2026-04-07|Anguilla|10AM,EDGE REAL,MEDIUM,0.862708,2.550142,0.000659,9.944518,5391,1396,38|85|80,38|85|80|09|75|33|60|04|95|25|36|87,,1,39dbd1307a4f2ce227844aceef70d960
2026-04-07 21:46:42,2026-04-07,10PM,2026-04-07|Anguilla|10PM,EDGE REAL,MEDIUM,0.834975,2.632079,0.000842,12.876688,5403,1475,12|07|97,12|07|97|70|56|96|00|09|06|32|24|90,,1,45b537b2401022b746eba6e582125077
2026-04-07 10:53:55,2026-04-07,11AM,2026-04-07|Anguilla|11AM,EDGE MODERADO,LOW,0.688427,2.34394,0.000559,8.148255,5392,1462,01|61|99,01|61|99|80|08|66|88|44|83|96|62|81,,1,f919b3c7eb7c4927a150a6b87d2be437
2026-04-07 11:11:34,2026-04-07,12PM,2026-04-07|Anguilla|12PM,NO JUGAR,NONE,0.624167,2.175035,0.000489,6.727087,5393,1457,66|29|95,66|29|95|83|41|56|47|36|54|79|43|96,,1,f7a78c7f9d043409a9f029aff923549d
2026-04-07 12:14:27,2026-04-07,1PM,2026-04-07|Anguilla|1PM,NO JUGAR,NONE,0.606965,1.978869,0.000491,5.150645,5394,1438,75|68|14,75|68|14|51|11|98|69|76|78|71|23|89,,0,bcde372ae4ff33b06ebb4a58cbdb2e8a
2026-04-07 13:18:13,2026-04-07,2PM,2026-04-07|Anguilla|2PM,EDGE MODERADO,LOW,0.757348,2.054598,0.000477,6.344861,5395,1421,48|32|49,48|32|49|52|78|53|81|22|42|89|14|99,,1,784cde94d79b27777d12a467e8debcb6
2026-04-07 14:13:06,2026-04-07,3PM,2026-04-07|Anguilla|3PM,EDGE REAL,MEDIUM,0.733102,2.645963,0.000851,13.026524,5396,1426,12|76|24,12|76|24|78|55|53|58|95|82|74|98|06,,1,8f29180ed840a91e4a21b4b76d90774c
2026-04-07 15:34:07,2026-04-07,4PM,2026-04-07|Anguilla|4PM,EDGE MODERADO,LOW,0.669116,1.897457,0.000861,4.780337,5397,1466,05|58|02,05|58|02|20|88|00|39|23|37|68|17|13,,0,33847ea6f589e4313a4062cd20b41d20
2026-04-07 16:19:41,2026-04-07,5PM,2026-04-07|Anguilla|5PM,EDGE REAL,MEDIUM,0.749919,2.643686,0.000923,14.119867,5398,1443,09|84|60,09|84|60|42|36|75|48|11|41|63|21|54,,1,b13744f9b3ad097a746c69b807bd0abf
2026-04-07 17:55:13,2026-04-07,6PM,2026-04-07|Anguilla|6PM,NO JUGAR,NONE,0.597913,1.999333,0.000426,5.311,5399,1495,15|50|08,15|50|08|58|99|91|89|06|73|09|16|51,,0,164c8413de9ed4ab5fd4ec5cb971856f
2026-04-07 18:38:52,2026-04-07,7PM,2026-04-07|Anguilla|7PM,EDGE REAL,MEDIUM,0.758882,2.40937,0.000713,10.508654,5400,1461,89|08|27,89|08|27|01|74|85|52|48|32|61|82|83,,0,7789f1b5df04aac0100168340759f091
2026-04-07 07:54:44,2026-04-07,8AM,2026-04-07|Anguilla|8AM,EDGE REAL,MEDIUM,0.741475,2.393515,0.000706,10.353923,5389,1369,47|56|81,47|56|81|02|33|20|38|84|36|28|39|70,,0,a9a6b5830c15bdaeacb07a8fb4033e6b
2026-04-07 19:22:58,2026-04-07,8PM,2026-04-07|Anguilla|8PM,EDGE MODERADO,LOW,0.663778,2.219437,0.000497,7.101102,5401,1511,10|25|76,10|25|76|39|86|11|08|55|89|90|06|13,,0,61d724c2afb28c9bff9ab935f625c2af
2026-04-07 08:33:40,2026-04-07,9AM,2026-04-07|Anguilla|9AM,EDGE MODERADO,LOW,0.658376,2.333333,0.000561,8.18716,5390,1409,83|35|69,83|35|69|15|09|20|75|86|58|39|68|73,,1,3b0fabbbe47acffacf1a5249ad68d2a3
2026-04-07 20:03:02,2026-04-07,9PM,2026-04-07|Anguilla|9PM,EDGE MODERADO,LOW,0.663778,2.219437,0.000497,7.101102,5401,1511,10|25|76,10|25|76|39|86|11|08|55|89|90|06|13,,1,bb0b40163f971c8e161ff7cc7dc17060
2026-04-08 09:23:20,2026-04-08,10AM,2026-04-08|Anguilla|10AM,NO JUGAR,NONE,0.619738,2.155502,0.000464,6.564431,5406,1390,44|96|16,44|96|16|71|58|82|54|32|93|36|67|60,,1,92861d6132247f9b0ba8eb6de1687664
2026-04-08 10:53:17,2026-04-08,11AM,2026-04-08|Anguilla|11AM,EDGE MODERADO,LOW,0.778374,2.160365,0.000515,7.286149,5407,1390,60|24|47,60|24|47|49|32|50|62|16|68|15|78|58,,1,798e72aeaae1adbd67a6e4b0750a4a4d
2026-04-08 12:18:41,2026-04-08,1PM,2026-04-08|Anguilla|1PM,EDGE REAL,MEDIUM,0.751684,2.452839,0.00061,9.08629,5409,1453,34|41|61,34|41|61|96|52|38|57|82|99|69|00|67,,1,42026051a74e142a4e9aa6c7676b8f99
2026-04-08 13:35:22,2026-04-08,2PM,2026-04-08|Anguilla|2PM,NO JUGAR,NONE,0.615517,1.980476,0.000338,4.631144,5410,1468,34|57|11,34|57|11|13|14|20|94|82|52|54|95|28,,0,0a53a319a02e5059596213c10cb21d4d
2026-04-08 14:50:11,2026-04-08,3PM,2026-04-08|Anguilla|3PM,NO JUGAR,NONE,0.659703,1.950769,0.00034,4.422651,5411,1457,74|19|82,74|19|82|69|83|62|39|86|55|13|32|66,,1,f147d2b37e2b3811c417bc5b5e56f10b
2026-04-08 15:51:55,2026-04-08,4PM,2026-04-08|Anguilla|4PM,EDGE REAL,MEDIUM,0.79577,2.609954,0.000684,10.46866,5412,1500,86|89|32,86|89|32|40|85|09|10|33|02|60|44|91,,0,11e958662d2ec203c14fe7be06ac48b0
2026-04-08 16:43:36,2026-04-08,5PM,2026-04-08|Anguilla|5PM,EDGE REAL,MEDIUM,0.79577,2.609954,0.000684,10.46866,5412,1500,86|89|32,86|89|32|40|85|09|10|33|02|60|44|91,,1,9a4a96e1afd0ef220137495adf9ee6aa
2026-04-08 17:31:02,2026-04-08,6PM,2026-04-08|Anguilla|6PM,EDGE REAL,MEDIUM,0.833377,2.464269,0.000743,11.092275,5414,1519,56|74|69,56|74|69|96|21|50|04|35|44|54|64|97,,1,3bd97bf1fbf97a41498ec1e4e234f8f6
2026-04-08 18:23:23,2026-04-08,7PM,2026-04-08|Anguilla|7PM,NO JUGAR,NONE,0.730403,2.194862,0.000383,5.477805,5415,1442,53|36|90,53|36|90|03|81|95|96|94|86|12|34|68,,1,73f6092a551381aec53d896664fa13bb
2026-04-08 07:55:42,2026-04-08,8AM,2026-04-08|Anguilla|8AM,EDGE REAL,MEDIUM,0.849926,2.50909,0.000838,12.558236,5404,1421,58|28|26,58|28|26|29|90|83|41|24|60|95|84|17,,0,1a0a1985aa15e5097c416441213406ea
2026-04-08 19:52:23,2026-04-08,8PM,2026-04-08|Anguilla|8PM,NO JUGAR,NONE,0.591725,2.482214,0.000819,12.248916,5416,1424,58|85|56,58|85|56|91|62|66|16|82|27|33|38|30,,0,75c559fedb4f0ee158c11e688f74bf74
2026-04-08 08:51:51,2026-04-08,9AM,2026-04-08|Anguilla|9AM,NO JUGAR,NONE,0.653517,2.101641,0.000438,6.127209,5405,1400,80|67|81,80|67|81|86|82|63|58|23|44|84|94|36,,1,5d84acab1a26f335112c9d72aef204cd
2026-04-08 20:20:18,2026-04-08,9PM,2026-04-08|Anguilla|9PM,EDGE MODERADO,LOW,0.699763,2.910921,0.001081,17.270444,5417,1394,39|72|67,39|72|67|12|74|63|06|27|47|23|05|98,,1,50bfd78fd6984e6f1e6fd0b6feb4c525
2026-04-09 09:43:03,2026-04-09,10AM,2026-04-09|Anguilla|10AM,EDGE REAL,MEDIUM,0.767877,2.1668,0.000616,8.727612,5421,1413,77|58|53,77|58|53|05|54|99|90|66|74|22|51|11,,1,96d4535d10c17050b7af66ed8b668095
2026-04-09 10:43:00,2026-04-09,11AM,2026-04-09|Anguilla|11AM,NO JUGAR,NONE,0.620456,1.820336,0.000857,4.783321,5422,1387,16|96|60,16|96|60|93|24|70|71|06|98|50|78|99,,1,e678c27ca459e8e80ae597cd744ac3fe
2026-04-09 11:11:03,2026-04-09,12PM,2026-04-09|Anguilla|12PM,NO JUGAR,NONE,0.625909,2.145174,0.000776,5.813072,5423,1420,42|52|28,42|52|28|76|32|79|21|30|74|93|00|90,,1,41f89184b9d780a7ac25424b19e16ae3
2026-04-09 12:43:39,2026-04-09,1PM,2026-04-09|Anguilla|1PM,EDGE MODERADO,LOW,0.733964,2.178472,0.000524,7.45372,5424,1442,18|53|52,18|53|52|00|58|94|32|28|08|62|41|31,,1,a9aa63c75508af5b0360a481b0702742
2026-04-09 13:47:43,2026-04-09,2PM,2026-04-09|Anguilla|2PM,EDGE REAL,MEDIUM,0.876132,2.493794,0.000666,9.927899,5425,1395,34|38|75,34|38|75|87|78|90|22|52|70|73|93|01,,0,0f2a2f3e00e32311a7fc24db65dfc7dc
2026-04-09 14:42:02,2026-04-09,3PM,2026-04-09|Anguilla|3PM,EDGE REAL,MEDIUM,0.781454,2.55771,0.000935,14.162357,5426,1396,44|96|24,44|96|24|64|89|03|73|22|74|71|60|69,,1,1c29ff6a2678390804829bc5c3c0b104
2026-04-09 15:53:57,2026-04-09,4PM,2026-04-09|Anguilla|4PM,EDGE MODERADO,LOW,0.692073,1.987912,0.00073,5.220406,5427,1383,98|21|56,98|21|56|76|88|57|37|19|60|23|34|42,,0,901bcc096110601eff85a42fdfcd8e26
2026-04-09 16:52:58,2026-04-09,5PM,2026-04-09|Anguilla|5PM,EDGE REAL,MEDIUM,0.758326,2.32352,0.000775,7.631872,5428,1446,82|19|53,82|19|53|03|17|65|35|87|39|33|86|38,,0,d2cd09423c84fe088c701045efa8023f
2026-04-09 17:45:43,2026-04-09,6PM,2026-04-09|Anguilla|6PM,EDGE REAL,MEDIUM,0.814116,2.513426,0.000703,10.615652,5429,1438,18|73|09,18|73|09|54|40|32|50|41|51|67|19|53,,0,ced91a6487f9895c611c870a267ebb0d
2026-04-09 18:27:18,2026-04-09,7PM,2026-04-09|Anguilla|7PM,EDGE REAL,MEDIUM,0.741091,2.341779,0.00067,9.811668,5430,1460,81|99|05,81|99|05|62|23|07|51|84|74|33|25|94,,0,b4a51dedf04c227106c945bfd82b9311
2026-04-09 07:55:24,2026-04-09,8AM,2026-04-09|Anguilla|8AM,EDGE MODERADO,LOW,0.760866,2.15093,0.000849,5.402446,5419,1460,31|54|47,31|54|47|23|67|69|43|51|07|71|41|37,,0,a13d7857806c912218ea236c6c76f761
2026-04-09 19:55:21,2026-04-09,8PM,2026-04-09|Anguilla|8PM,NO JUGAR,NONE,0.647631,2.486722,0.000688,10.347276,5431,1458,95|42|93,95|42|93|11|65|44|46|06|61|30|85|16,,0,4b7ca9909d8ee30ad3678e41fca2d09f
2026-04-09 20:05:38,2026-04-09,9PM,2026-04-09|Anguilla|9PM,NO JUGAR,NONE,0.70691,2.043386,0.000364,5.075415,5432,1463,04|38|73,04|38|73|36|59|60|50|82|57|98|22|69,,1,b8eddc2495d910b49e231cc8b1f8089c
2026-04-10 10:02:50,2026-04-10,11AM,2026-04-10|Anguilla|11AM,EDGE REAL,MEDIUM,0.741969,2.473408,0.000843,10.22303,5437,1425,10|39|82,10|39|82|03|24|60|22|53|74|84|44|76,,1,7ea99f4d441f060b57626c5e4ebca985
2026-04-10 11:03:22,2026-04-10,12PM,2026-04-10|Anguilla|12PM,EDGE REAL,MEDIUM,0.781236,2.539395,0.000715,10.865618,5438,1417,71|19|14,71|19|14|99|87|61|91|64|58|54|83|48,,1,fe1b09df94117e694f3a483bc097b962
2026-04-10 12:05:36,2026-04-10,1PM,2026-04-10|Anguilla|1PM,NO JUGAR,NONE,0.692182,1.953664,0.000399,5.457746,5439,1424,91|39|76,91|39|76|38|13|90|06|36|46|60|74|20,,1,d9875b935e11362765559ad1d1a48823
2026-04-10 13:59:08,2026-04-10,2PM,2026-04-10|Anguilla|2PM,NO JUGAR,NONE,0.67116,2.067183,0.000424,5.942127,5440,1464,47|66|29,47|66|29|50|28|70|51|58|69|23|45|56,,0,71f1ca8fce1bc91f341ca144bcd82050
2026-04-10 15:52:58,2026-04-10,4PM,2026-04-10|Anguilla|4PM,EDGE REAL,MEDIUM,0.701343,2.17593,0.00057,8.132672,5442,1436,58|95|09,58|95|09|82|22|44|02|00|11|38|69|94,,0,1c15d7630f723b99b77a94c70d1d07c6
2026-04-10 16:38:19,2026-04-10,5PM,2026-04-10|Anguilla|5PM,EDGE MODERADO,LOW,0.68258,2.192989,0.000511,6.877141,5443,1408,13|93|27,13|93|27|67|68|42|44|98|16|73|70|29,,1,615612a739d5d6d858b55a7e3f0cd517
2026-04-10 17:58:25,2026-04-10,6PM,2026-04-10|Anguilla|6PM,EDGE REAL,MEDIUM,0.744196,2.818254,0.00102,16.163405,5444,1491,39|74|11,39|74|11|30|53|25|96|37|51|72|88|87,,0,97beac971e5846d2dc4afe9827d8def1
2026-04-10 18:49:25,2026-04-10,7PM,2026-04-10|Anguilla|7PM,NO JUGAR,NONE,0.592267,2.163934,0.000563,8.012971,5445,1500,58|42|87,58|42|87|50|02|22|52|32|41|33|89|49,,0,fdd62c0321c1cec939b93f37a514c7b8
2026-04-10 07:50:07,2026-04-10,8AM,2026-04-10|Anguilla|8AM,NO JUGAR,NONE,0.620762,1.99596,0.000383,5.277253,5434,1474,33|68|56,33|68|56|47|29|95|86|83|17|82|60|37,,0,c00ffff7329a0d7523e937ef788f5866
2026-04-10 19:22:43,2026-04-10,8PM,2026-04-10|Anguilla|8PM,EDGE MODERADO,LOW,0.683785,2.783597,0.000999,15.761041,5446,1539,12|62|60,12|62|60|69|04|78|70|05|90|20|93|51,,1,66ffe325b0df85b5871447b046109407
2026-04-10 08:38:02,2026-04-10,9AM,2026-04-10|Anguilla|9AM,EDGE MODERADO,LOW,0.680924,2.255612,0.000565,8.167446,5435,1457,39|42|06,39|42|06|73|94|18|19|29|81|71|83|15,,1,a7a123c6d9b43692c705780197fd1b36
2026-04-10 20:00:09,2026-04-10,9PM,2026-04-10|Anguilla|9PM,EDGE MODERADO,LOW,0.683785,2.783597,0.000999,15.761041,5446,1539,12|62|60,12|62|60|69|04|78|70|05|90|20|93|51,,1,8672a25de6a2c00bf536d30ad76452a5
2026-04-11 09:17:29,2026-04-11,10AM,2026-04-11|Anguilla|10AM,NO JUGAR,NONE,0.630198,2.145218,0.000455,6.478254,5451,1386,44|61|26,44|61|26|62|89|93|28|32|85|66|34|22,,1,289f3fe57445772635da5af9b8377cd5
2026-04-11 10:52:45,2026-04-11,11AM,2026-04-11|Anguilla|11AM,EDGE REAL,MEDIUM,0.729619,2.405294,0.000615,7.789454,5452,1351,43|47|69,43|47|69|72|56|34|17|22|01|71|83|36,,0,f918eb51092e0c3d28a1f759d5c44fe3
2026-04-11 11:34:17,2026-04-11,12PM,2026-04-11|Anguilla|12PM,EDGE REAL,MEDIUM,0.801393,2.999214,0.001216,19.791749,5453,1395,75|68|70,75|68|70|09|55|38|43|85|19|18|91|54,,1,f6019a61704e1fcfd6019ab84285a379
2026-04-11 12:55:23,2026-04-11,1PM,2026-04-11|Anguilla|1PM,EDGE REAL,MEDIUM,0.810047,2.712983,0.000879,13.741355,5454,1431,20|33|86,20|33|86|89|83|60|13|27|31|57|90|87,,0,71aa0edaa2155f62af4ee8e00b879890
2026-04-11 13:32:13,2026-04-11,2PM,2026-04-11|Anguilla|2PM,EDGE MODERADO,LOW,0.741684,2.064593,0.00051,7.151397,5455,1457,90|39|76,90|39|76|82|72|97|96|24|83|84|36|32,,0,d1aeec8c1d272debc7fd7468eac744c5
2026-04-11 14:33:38,2026-04-11,3PM,2026-04-11|Anguilla|3PM,EDGE REAL,MEDIUM,0.700383,2.976866,0.001291,20.939661,5456,1491,02|27|07,02|27|07|39|28|50|46|63|35|80|67|82,,1,90557acbe689503009ed4b037c290787
2026-04-11 15:47:43,2026-04-11,4PM,2026-04-11|Anguilla|4PM,EDGE REAL,MEDIUM,0.702023,2.572115,0.000661,10.132243,5457,1490,00|62|29,00|62|29|95|94|85|21|14|36|47|32|60,,0,a790926eeca7259d3c85a95845347def
2026-04-11 16:54:14,2026-04-11,5PM,2026-04-11|Anguilla|5PM,EDGE MODERADO,LOW,0.655297,2.154757,0.000459,6.560253,5458,1499,13|62|27,13|62|27|34|52|95|53|00|03|94|08|12,,0,56c284ca171f280cce5e6626c2db4f0c
2026-04-11 17:34:09,2026-04-11,6PM,2026-04-11|Anguilla|6PM,EDGE REAL,MEDIUM,0.717124,2.835051,0.001027,16.360175,5459,1461,32|48|16,32|48|16|27|39|44|93|89|76|69|91|82,,1,d774132958a57409b08fa444f1e7a286
2026-04-11 18:50:25,2026-04-11,7PM,2026-04-11|Anguilla|7PM,EDGE MODERADO,LOW,0.662549,2.751163,0.000977,15.366767,5460,1469,39|96|44,39|96|44|00|56|09|40|16|22|88|81|12,,0,04337a0c199d00422cace8594cfcf98c
2026-04-11 07:58:16,2026-04-11,8AM,2026-04-11|Anguilla|8AM,NO JUGAR,NONE,0.622618,2.303663,0.000589,8.612484,5449,1461,48|83|05,48|83|05|95|24|20|59|04|30|67|74|33,,0,caec74825907140f58a62b849cabb961
2026-04-11 19:35:42,2026-04-11,8PM,2026-04-11|Anguilla|8PM,EDGE REAL,MEDIUM,0.861168,2.425347,0.000652,9.758988,5461,1491,42|58|20,42|58|20|76|37|12|22|01|90|34|36|38,,1,86a76403a099c7a6ff9c321e28d1b327
2026-04-11 20:03:02,2026-04-11,9PM,2026-04-11|Anguilla|9PM,EDGE REAL,MEDIUM,0.861168,2.425347,0.000652,9.758988,5461,1491,42|58|20,42|58|20|76|37|12|22|01|90|34|36|38,,1,1a1c7756b44d19e3c036a3496a6e7a89
2026-04-12 09:23:59,2026-04-12,10AM,2026-04-12|Anguilla|10AM,EDGE MODERADO,LOW,0.715956,2.181513,0.000472,6.781807,5466,1426,91|71|85,91|71|85|38|83|75|98|51|95|68|74|82,,1,4b674d73ea0bcdb552bbcef4588bf1b7
2026-04-12 10:57:21,2026-04-12,11AM,2026-04-12|Anguilla|11AM,EDGE REAL,MEDIUM,0.86096,2.343,0.000673,9.956572,5467,1433,76|89|86,76|89|86|90|78|25|66|52|38|32|11|23,,0,781780e3b0df253901695f85ead348e6
2026-04-12 11:41:49,2026-04-12,12PM,2026-04-12|Anguilla|12PM,NO JUGAR,NONE,0.718611,1.927728,0.000347,4.746029,5468,1448,58|54|29,58|54|29|44|92|35|11|50|13|51|94|09,,1,133509a14a89dd7fc26d2bafa23295dc
2026-04-12 12:20:33,2026-04-12,1PM,2026-04-12|Anguilla|1PM,NO JUGAR,NONE,0.62739,2.17715,0.000469,6.740483,5469,1483,95|48|20,95|48|20|53|56|92|05|76|69|81|42|44,,1,8cb973abf6e5d6628919bbf12c900411
2026-04-12 13:51:03,2026-04-12,2PM,2026-04-12|Anguilla|2PM,NO JUGAR,NONE,0.644244,1.927957,0.000411,4.752153,5470,1500,73|21|76,73|21|76|05|47|74|87|97|56|31|38|82,,0,6b86d2edf237891bfb8b673e08b09be0
2026-04-12 14:51:53,2026-04-12,3PM,2026-04-12|Anguilla|3PM,EDGE REAL,MEDIUM,0.818138,2.443105,0.00066,9.934641,5471,1485,29|39|89,29|39|89|03|81|54|71|53|99|60|17|95,,1,eecb18af55350372aa5bd6997ef78012
2026-04-12 15:39:47,2026-04-12,4PM,2026-04-12|Anguilla|4PM,NO JUGAR,NONE,0.625255,2.399522,0.000637,9.512143,5472,1486,82|38|41,82|38|41|32|90|59|74|43|62|76|97|89,,1,868171d5b865f9985f85f8f7ea59b006
2026-04-12 16:51:17,2026-04-12,5PM,2026-04-12|Anguilla|5PM,NO JUGAR,NONE,0.625255,2.399522,0.000637,9.512143,5472,1486,82|38|41,82|38|41|32|90|59|74|43|62|76|97|89,,0,f8f9d87c765cd37c5375145dd67f431d
2026-04-12 17:35:24,2026-04-12,6PM,2026-04-12|Anguilla|6PM,NO JUGAR,NONE,0.669932,1.934139,0.00035,4.80009,5474,1485,75|71|45,75|71|45|11|87|85|40|35|07|55|69|86,,1,b7dd33693169cfce488a2859076a5b3f
2026-04-12 18:53:28,2026-04-12,7PM,2026-04-12|Anguilla|7PM,EDGE REAL,MEDIUM,0.890613,2.234238,0.000903,7.219974,5475,1483,82|55|94,82|55|94|41|44|73|00|53|38|25|90|05,,0,83f0f5e9f995875d0041b0f2c07365a6
2026-04-12 07:34:37,2026-04-12,8AM,2026-04-12|Anguilla|8AM,EDGE REAL,MEDIUM,0.758329,2.395616,0.000705,10.527019,5464,1414,05|99|83,05|99|83|15|08|36|90|44|52|30|56|57,,0,0bda94df27be01ace2d0996bbd02bc53
2026-04-12 19:35:56,2026-04-12,8PM,2026-04-12|Anguilla|8PM,NO JUGAR,NONE,0.733814,1.907275,0.000335,4.578375,5476,1473,13|55|62,13|55|62|23|75|01|19|10|94|32|03|74,,1,5d369f9a990bd1ff5bb620dfd16b4431
2026-04-12 08:01:41,2026-04-12,9AM,2026-04-12|Anguilla|9AM,EDGE REAL,MEDIUM,0.758329,2.395616,0.000705,10.527019,5464,1414,05|99|83,05|99|83|15|08|36|90|44|52|30|56|57,,1,d57a3e4804b977dd9a07881d1052e2e2
2026-04-12 20:05:16,2026-04-12,9PM,2026-04-12|Anguilla|9PM,NO JUGAR,NONE,0.714089,1.907275,0.000335,4.578375,5476,1487,13|62|23,13|62|23|51|56|55|67|03|24|57|19|60,,1,837cdacc9ea3d2f0ad1eb4685d8aec77
2026-04-13 10:05:28,2026-04-13,11AM,2026-04-13|Anguilla|11AM,EDGE MODERADO,LOW,0.652676,2.385269,0.000834,9.3821,5482,1462,81|54|36,81|54|36|43|66|22|97|94|75|27|04|28,,1,243c89323db24449de5063ba5e1eac8a
2026-04-13 11:43:00,2026-04-13,12PM,2026-04-13|Anguilla|12PM,EDGE REAL,MEDIUM,0.782158,2.354618,0.000737,10.947535,5483,1479,47|27|74,47|27|74|67|31|08|16|87|98|66|36|24,,1,deca2ff377fa70e41bebb8ab025bca09
2026-04-13 12:48:21,2026-04-13,1PM,2026-04-13|Anguilla|1PM,EDGE REAL,MEDIUM,0.761386,2.556643,0.000924,14.144432,5484,1501,44|94|08,44|94|08|92|55|24|05|02|87|82|80|61,,1,49c1db0e5b590b4eaa246fecee3b0e14
2026-04-13 13:46:35,2026-04-13,2PM,2026-04-13|Anguilla|2PM,NO JUGAR,NONE,0.797594,1.808083,0.000305,4.066987,5485,1513,52|20|01,52|20|01|97|96|43|74|90|19|58|44|78,,1,62130715f5bf3018bad9737f1719e397
2026-04-13 14:54:24,2026-04-13,3PM,2026-04-13|Anguilla|3PM,EDGE REAL,MEDIUM,0.718128,2.374892,0.000564,8.416064,5486,1455,72|88|86,72|88|86|87|68|65|73|58|52|39|04|47,,1,bb05338a4fcaebcf561fb13269f9baee
2026-04-13 16:05:52,2026-04-13,5PM,2026-04-13|Anguilla|5PM,EDGE REAL,MEDIUM,0.769477,2.371036,0.000595,8.794975,5488,1435,19|87|85,19|87|85|75|37|42|47|52|74|95|39|86,,1,37c62c0f3a69a5058d51ba46b55e1b9e
2026-04-13 17:07:10,2026-04-13,6PM,2026-04-13|Anguilla|6PM,NO JUGAR,NONE,0.642481,1.896246,0.000295,4.040072,5489,1480,10|53|32,10|53|32|21|73|55|90|00|22|33|71|43,,1,53311845d1e08a13a89b2a3a2d574c66
2026-04-13 18:00:48,2026-04-13,7PM,2026-04-13|Anguilla|7PM,NO JUGAR,NONE,0.642481,1.896246,0.000295,4.040072,5489,1480,10|53|32,10|53|32|21|73|55|90|00|22|33|71|43,,1,a7bc27baa0523392e8e67c857e29b1cd
2026-04-13 01:48:23,2026-04-13,8AM,2026-04-13|Anguilla|8AM,EDGE REAL,MEDIUM,0.747884,2.333558,0.000891,9.857844,5479,1417,76|89|79,76|89|79|81|87|53|36|75|10|20|91|58,,0,4ed21926c66c2ca84bf46b4fe220419f
2026-04-13 19:54:21,2026-04-13,8PM,2026-04-13|Anguilla|8PM,EDGE REAL,MEDIUM,0.727594,2.694969,0.001013,15.881231,5491,1547,07|02|70,07|02|70|45|00|41|80|85|82|31|08|76,,0,8143f5f0674f5ebf904faa56d81bb015
2026-04-13 08:03:46,2026-04-13,9AM,2026-04-13|Anguilla|9AM,EDGE REAL,MEDIUM,0.747884,2.333558,0.000891,9.857844,5479,1417,76|89|79,76|89|79|81|87|53|36|75|10|20|91|58,,1,a676518edcfbe7f93a74f9561330e1bf
2026-04-14 10:01:39,2026-04-14,11AM,2026-04-14|Anguilla|11AM,NO JUGAR,NONE,0.659179,1.945152,0.000401,4.879433,5497,1514,46|49|77,46|49|77|12|53|56|37|40|13|44|02|98,,1,fb1fdea5af53e92bd77b03db414c5cec
2026-04-14 11:18:46,2026-04-14,12PM,2026-04-14|Anguilla|12PM,EDGE REAL,MEDIUM,0.83114,2.127202,0.000582,8.302264,5498,1489,52|84|03,52|84|03|77|97|12|40|51|96|46|15|67,,0,fce9ea222915a9af9adf4a01d2917deb
2026-04-14 12:41:37,2026-04-14,1PM,2026-04-14|Anguilla|1PM,NO JUGAR,NONE,0.661016,2.020866,0.000377,5.253802,5499,1461,84|19|53,84|19|53|62|72|91|33|92|49|55|06|83,,0,3ab823f76545470fc4a9d16905034101
2026-04-14 13:47:56,2026-04-14,2PM,2026-04-14|Anguilla|2PM,EDGE MODERADO,LOW,0.660477,2.446308,0.000847,12.777626,5500,1462,56|72|20,56|72|20|13|02|76|27|35|58|71|88|97,,1,96d5dbdde9e2eb8244c3ca1e1eb21436
2026-04-14 14:52:37,2026-04-14,3PM,2026-04-14|Anguilla|3PM,EDGE MODERADO,LOW,0.828036,1.992935,0.000484,6.342902,5501,1510,23|53|85,23|53|85|46|48|32|50|73|76|62|59|83,,1,dc7aee0bd1cbec3f026635736039150c
2026-04-14 15:09:54,2026-04-14,4PM,2026-04-14|Anguilla|4PM,EDGE MODERADO,LOW,0.666279,1.967389,0.000844,5.054668,5502,1568,10|64|96,10|64|96|30|71|58|23|18|12|43|02|80,,1,3df3ccce1828c1844fe956248bcd9e96
2026-04-14 16:05:27,2026-04-14,5PM,2026-04-14|Anguilla|5PM,EDGE MODERADO,LOW,0.666279,1.967389,0.000844,5.054668,5502,1568,10|64|96,10|64|96|30|71|58|23|18|12|43|02|80,,1,73eb3ea2daa0bf44086530cfcc97d0b1
2026-04-14 17:14:19,2026-04-14,6PM,2026-04-14|Anguilla|6PM,EDGE REAL,MEDIUM,0.725,2.350493,0.000607,9.047769,5504,1464,74|09|40,74|09|40|62|99|42|54|88|05|77|90|33,,1,a15e0dfd4ff02667834ca3488f3e6b9d
2026-04-14 07:57:09,2026-04-14,8AM,2026-04-14|Anguilla|8AM,EDGE MODERADO,LOW,0.764534,2.401224,0.000516,7.75057,5494,1448,53|20|26,53|20|26|92|07|01|41|56|03|91|12|55,,0,a76751e77e589b450cdbad8c59616e03
2026-04-14 19:19:38,2026-04-14,8PM,2026-04-14|Anguilla|8PM,EDGE MODERADO,LOW,0.729241,2.065697,0.000738,5.233611,5506,1531,32|02|19,32|02|19|53|00|68|99|67|42|06|87|29,,1,4ff9de4b82e8a2a14e81c289e760ce1f
2026-04-14 20:12:02,2026-04-14,9PM,2026-04-14|Anguilla|9PM,NO JUGAR,NONE,0.685705,2.01199,0.000426,5.96532,5507,1555,96|07|05,96|07|05|99|13|92|25|08|93|68|53|54,,1,f079b07f15a34ca83aef7fd811b9df48
2026-04-15 09:17:22,2026-04-15,10AM,2026-04-15|Anguilla|10AM,EDGE REAL,MEDIUM,0.718582,2.443804,0.000656,9.93065,5511,1450,00|83|06,00|83|06|58|38|13|84|44|20|41|54|76,,1,d0396f1029cc2539e09a7a8fe99a7a79
2026-04-15 10:17:40,2026-04-15,11AM,2026-04-15|Anguilla|11AM,NO JUGAR,NONE,0.790031,1.989174,0.000374,5.224536,5512,1433,51|74|01,51|74|01|19|25|12|32|80|72|39|47|56,,1,385367a64e9c49f1d9506576534a7e88
2026-04-15 12:15:38,2026-04-15,1PM,2026-04-15|Anguilla|1PM,EDGE REAL,MEDIUM,0.75702,2.354763,0.000608,9.083623,5514,1455,74|45|32,74|45|32|21|85|54|08|06|49|65|51|96,,1,8a16025f241de15e7815c89afd59bf52
2026-04-15 14:29:54,2026-04-15,3PM,2026-04-15|Anguilla|3PM,EDGE MODERADO,LOW,0.708608,2.157446,0.00051,7.370133,5516,1451,76|34|23,76|34|23|19|59|56|90|69|44|15|53|54,,1,e338bd5f736c14ce76bea6f7886e5008
2026-04-15 15:56:09,2026-04-15,4PM,2026-04-15|Anguilla|4PM,EDGE MODERADO,LOW,0.667321,2.380754,0.000704,7.591563,5517,1475,53|38|23,53|38|23|03|02|47|85|06|55|28|17|07,,1,021741ca268d666134486481ae65eaa4
2026-04-15 19:34:09,2026-04-15,8PM,2026-04-15|Anguilla|8PM,EDGE REAL,MEDIUM,0.749729,2.550351,0.000643,9.938895,5521,1531,53|91|13,53|91|13|39|58|19|07|69|87|54|88|20,,1,e44661cd1e986d27803a0bf15739e9fe
2026-04-15 08:30:54,2026-04-15,9AM,2026-04-15|Anguilla|9AM,EDGE MODERADO,LOW,0.7791,1.968982,0.000469,5.066777,5510,1448,95|12|34,95|12|34|24|86|41|47|29|52|89|14|98,,1,ff9bb4c01185bc9f279f7cf606aec5f0
2026-04-16 09:06:03,2026-04-16,10AM,2026-04-16|Anguilla|10AM,NO JUGAR,NONE,0.579988,1.959644,0.000358,4.990534,5526,1507,24|61|42,24|61|42|22|58|16|29|17|11|81|52|91,,1,512292eef93defa24c9f7688199d9bc5
2026-04-16 10:23:01,2026-04-16,11AM,2026-04-16|Anguilla|11AM,EDGE MODERADO,LOW,0.692619,2.387886,0.000566,8.523607,5527,1483,24|09|49,24|09|49|69|17|94|80|21|43|35|56|44,,1,49b93e04a5cf9fec62fec824fed950c3
2026-04-16 11:40:11,2026-04-16,12PM,2026-04-16|Anguilla|12PM,NO JUGAR,NONE,0.805446,2.046443,0.000442,6.264886,5528,1523,70|36|07,70|36|07|77|27|02|91|80|39|50|01|85,,1,d2dbe5ec51b37a76d460f3e649ec4aaf
2026-04-16 12:18:37,2026-04-16,1PM,2026-04-16|Anguilla|1PM,NO JUGAR,NONE,0.680394,2.12752,0.00044,6.335523,5529,1564,49|62|79,49|62|79|28|56|38|73|23|61|01|46|22,,1,1ffbe63052a6d709a3b7752e1e68441b
2026-04-16 08:00:54,2026-04-16,9AM,2026-04-16|Anguilla|9AM,NO JUGAR,NONE,0.661488,1.915838,0.000302,4.178787,5524,1495,93|50|54,93|50|54|90|04|49|55|68|06|76|11|53,,1,629b3138f6bb4b1c0962dffc027e6c38
